technique_id,technique_name,technique_stix_id,asset_id,asset_name,asset_stix_id
T0800,Activate Firmware Update Mode,attack-pattern--19a71d1e-6334-4233-8260-b749cae37953,A0009,Data Gateway,x-mitre-asset--68388d4f-8138-420b-be2b-5a7dfe9ff6b4
T0800,Activate Firmware Update Mode,attack-pattern--19a71d1e-6334-4233-8260-b749cae37953,A0013,Field I/O,x-mitre-asset--2b676abd-8263-49ea-81a4-78a7e1f776fe
T0800,Activate Firmware Update Mode,attack-pattern--19a71d1e-6334-4233-8260-b749cae37953,A0002,Human-Machine Interface (HMI),x-mitre-asset--3a95f7e4-4877-4967-b2e8-e287976c3e64
T0800,Activate Firmware Update Mode,attack-pattern--19a71d1e-6334-4233-8260-b749cae37953,A0005,Intelligent Electronic Device (IED),x-mitre-asset--75f810ad-b678-4c57-b93b-fdc79bba0c04
T0800,Activate Firmware Update Mode,attack-pattern--19a71d1e-6334-4233-8260-b749cae37953,A0003,Programmable Logic Controller (PLC),x-mitre-asset--986c455b-0f43-42b6-8360-33ac48bd9990
T0800,Activate Firmware Update Mode,attack-pattern--19a71d1e-6334-4233-8260-b749cae37953,A0004,Remote Terminal Unit (RTU),x-mitre-asset--1769c499-55e5-462f-bab2-c39b8cd5ae32
T0800,Activate Firmware Update Mode,attack-pattern--19a71d1e-6334-4233-8260-b749cae37953,A0010,Safety Controller,x-mitre-asset--69d1b1ef-e918-4cfd-9a98-29debd04cb32
T0830,Adversary-in-the-Middle,attack-pattern--9a505987-ab05-4f46-a9a6-6441442eec3b,A0008,Application Server,x-mitre-asset--973bc51e-c41e-4cec-ac03-9389c71f3d0d
T0830,Adversary-in-the-Middle,attack-pattern--9a505987-ab05-4f46-a9a6-6441442eec3b,A0007,Control Server,x-mitre-asset--ecb81a8b-022e-4529-a404-55cffca7d3a3
T0830,Adversary-in-the-Middle,attack-pattern--9a505987-ab05-4f46-a9a6-6441442eec3b,A0009,Data Gateway,x-mitre-asset--68388d4f-8138-420b-be2b-5a7dfe9ff6b4
T0830,Adversary-in-the-Middle,attack-pattern--9a505987-ab05-4f46-a9a6-6441442eec3b,A0006,Data Historian,x-mitre-asset--e2c3336a-dd93-44d6-8246-f93cf132c499
T0830,Adversary-in-the-Middle,attack-pattern--9a505987-ab05-4f46-a9a6-6441442eec3b,A0013,Field I/O,x-mitre-asset--2b676abd-8263-49ea-81a4-78a7e1f776fe
T0830,Adversary-in-the-Middle,attack-pattern--9a505987-ab05-4f46-a9a6-6441442eec3b,A0002,Human-Machine Interface (HMI),x-mitre-asset--3a95f7e4-4877-4967-b2e8-e287976c3e64
T0830,Adversary-in-the-Middle,attack-pattern--9a505987-ab05-4f46-a9a6-6441442eec3b,A0005,Intelligent Electronic Device (IED),x-mitre-asset--75f810ad-b678-4c57-b93b-fdc79bba0c04
T0830,Adversary-in-the-Middle,attack-pattern--9a505987-ab05-4f46-a9a6-6441442eec3b,A0012,Jump Host,x-mitre-asset--14932ed5-1098-4cc1-9f57-159ab7366787
T0830,Adversary-in-the-Middle,attack-pattern--9a505987-ab05-4f46-a9a6-6441442eec3b,A0003,Programmable Logic Controller (PLC),x-mitre-asset--986c455b-0f43-42b6-8360-33ac48bd9990
T0830,Adversary-in-the-Middle,attack-pattern--9a505987-ab05-4f46-a9a6-6441442eec3b,A0004,Remote Terminal Unit (RTU),x-mitre-asset--1769c499-55e5-462f-bab2-c39b8cd5ae32
T0830,Adversary-in-the-Middle,attack-pattern--9a505987-ab05-4f46-a9a6-6441442eec3b,A0014,Routers,x-mitre-asset--dcb1d1c1-b195-45bf-b4cf-5b98c5b859a5
T0830,Adversary-in-the-Middle,attack-pattern--9a505987-ab05-4f46-a9a6-6441442eec3b,A0010,Safety Controller,x-mitre-asset--69d1b1ef-e918-4cfd-9a98-29debd04cb32
T0830,Adversary-in-the-Middle,attack-pattern--9a505987-ab05-4f46-a9a6-6441442eec3b,A0011,Virtual Private Network (VPN) Server,x-mitre-asset--0804f037-a3b9-4715-98e1-9f73d19d6945
T0830,Adversary-in-the-Middle,attack-pattern--9a505987-ab05-4f46-a9a6-6441442eec3b,A0001,Workstation,x-mitre-asset--f1315d02-9118-4e3b-8cdf-4c2d3f77ce41
T0878,Alarm Suppression,attack-pattern--2900bbd8-308a-4274-b074-5b8bde8347bc,A0007,Control Server,x-mitre-asset--ecb81a8b-022e-4529-a404-55cffca7d3a3
T0878,Alarm Suppression,attack-pattern--2900bbd8-308a-4274-b074-5b8bde8347bc,A0009,Data Gateway,x-mitre-asset--68388d4f-8138-420b-be2b-5a7dfe9ff6b4
T0878,Alarm Suppression,attack-pattern--2900bbd8-308a-4274-b074-5b8bde8347bc,A0006,Data Historian,x-mitre-asset--e2c3336a-dd93-44d6-8246-f93cf132c499
T0878,Alarm Suppression,attack-pattern--2900bbd8-308a-4274-b074-5b8bde8347bc,A0002,Human-Machine Interface (HMI),x-mitre-asset--3a95f7e4-4877-4967-b2e8-e287976c3e64
T0878,Alarm Suppression,attack-pattern--2900bbd8-308a-4274-b074-5b8bde8347bc,A0005,Intelligent Electronic Device (IED),x-mitre-asset--75f810ad-b678-4c57-b93b-fdc79bba0c04
T0878,Alarm Suppression,attack-pattern--2900bbd8-308a-4274-b074-5b8bde8347bc,A0003,Programmable Logic Controller (PLC),x-mitre-asset--986c455b-0f43-42b6-8360-33ac48bd9990
T0878,Alarm Suppression,attack-pattern--2900bbd8-308a-4274-b074-5b8bde8347bc,A0004,Remote Terminal Unit (RTU),x-mitre-asset--1769c499-55e5-462f-bab2-c39b8cd5ae32
T0878,Alarm Suppression,attack-pattern--2900bbd8-308a-4274-b074-5b8bde8347bc,A0010,Safety Controller,x-mitre-asset--69d1b1ef-e918-4cfd-9a98-29debd04cb32
T0802,Automated Collection,attack-pattern--3de230d4-3e42-4041-b089-17e1128feded,A0007,Control Server,x-mitre-asset--ecb81a8b-022e-4529-a404-55cffca7d3a3
T0802,Automated Collection,attack-pattern--3de230d4-3e42-4041-b089-17e1128feded,A0006,Data Historian,x-mitre-asset--e2c3336a-dd93-44d6-8246-f93cf132c499
T0802,Automated Collection,attack-pattern--3de230d4-3e42-4041-b089-17e1128feded,A0003,Programmable Logic Controller (PLC),x-mitre-asset--986c455b-0f43-42b6-8360-33ac48bd9990
T0895,Autorun Image,attack-pattern--77d9c726-b53e-481d-8bcc-1068aebfbb9d,A0008,Application Server,x-mitre-asset--973bc51e-c41e-4cec-ac03-9389c71f3d0d
T0895,Autorun Image,attack-pattern--77d9c726-b53e-481d-8bcc-1068aebfbb9d,A0007,Control Server,x-mitre-asset--ecb81a8b-022e-4529-a404-55cffca7d3a3
T0895,Autorun Image,attack-pattern--77d9c726-b53e-481d-8bcc-1068aebfbb9d,A0006,Data Historian,x-mitre-asset--e2c3336a-dd93-44d6-8246-f93cf132c499
T0895,Autorun Image,attack-pattern--77d9c726-b53e-481d-8bcc-1068aebfbb9d,A0002,Human-Machine Interface (HMI),x-mitre-asset--3a95f7e4-4877-4967-b2e8-e287976c3e64
T0895,Autorun Image,attack-pattern--77d9c726-b53e-481d-8bcc-1068aebfbb9d,A0012,Jump Host,x-mitre-asset--14932ed5-1098-4cc1-9f57-159ab7366787
T0895,Autorun Image,attack-pattern--77d9c726-b53e-481d-8bcc-1068aebfbb9d,A0001,Workstation,x-mitre-asset--f1315d02-9118-4e3b-8cdf-4c2d3f77ce41
T0803,Block Command Message,attack-pattern--008b8f56-6107-48be-aa9f-746f927dbb61,A0007,Control Server,x-mitre-asset--ecb81a8b-022e-4529-a404-55cffca7d3a3
T0803,Block Command Message,attack-pattern--008b8f56-6107-48be-aa9f-746f927dbb61,A0013,Field I/O,x-mitre-asset--2b676abd-8263-49ea-81a4-78a7e1f776fe
T0803,Block Command Message,attack-pattern--008b8f56-6107-48be-aa9f-746f927dbb61,A0002,Human-Machine Interface (HMI),x-mitre-asset--3a95f7e4-4877-4967-b2e8-e287976c3e64
T0803,Block Command Message,attack-pattern--008b8f56-6107-48be-aa9f-746f927dbb61,A0005,Intelligent Electronic Device (IED),x-mitre-asset--75f810ad-b678-4c57-b93b-fdc79bba0c04
T0803,Block Command Message,attack-pattern--008b8f56-6107-48be-aa9f-746f927dbb61,A0003,Programmable Logic Controller (PLC),x-mitre-asset--986c455b-0f43-42b6-8360-33ac48bd9990
T0803,Block Command Message,attack-pattern--008b8f56-6107-48be-aa9f-746f927dbb61,A0004,Remote Terminal Unit (RTU),x-mitre-asset--1769c499-55e5-462f-bab2-c39b8cd5ae32
T0803,Block Command Message,attack-pattern--008b8f56-6107-48be-aa9f-746f927dbb61,A0010,Safety Controller,x-mitre-asset--69d1b1ef-e918-4cfd-9a98-29debd04cb32
T0804,Block Reporting Message,attack-pattern--3f1f4ccb-9be2-4ff8-8f69-dd972221169b,A0007,Control Server,x-mitre-asset--ecb81a8b-022e-4529-a404-55cffca7d3a3
T0804,Block Reporting Message,attack-pattern--3f1f4ccb-9be2-4ff8-8f69-dd972221169b,A0009,Data Gateway,x-mitre-asset--68388d4f-8138-420b-be2b-5a7dfe9ff6b4
T0804,Block Reporting Message,attack-pattern--3f1f4ccb-9be2-4ff8-8f69-dd972221169b,A0013,Field I/O,x-mitre-asset--2b676abd-8263-49ea-81a4-78a7e1f776fe
T0804,Block Reporting Message,attack-pattern--3f1f4ccb-9be2-4ff8-8f69-dd972221169b,A0002,Human-Machine Interface (HMI),x-mitre-asset--3a95f7e4-4877-4967-b2e8-e287976c3e64
T0804,Block Reporting Message,attack-pattern--3f1f4ccb-9be2-4ff8-8f69-dd972221169b,A0005,Intelligent Electronic Device (IED),x-mitre-asset--75f810ad-b678-4c57-b93b-fdc79bba0c04
T0804,Block Reporting Message,attack-pattern--3f1f4ccb-9be2-4ff8-8f69-dd972221169b,A0003,Programmable Logic Controller (PLC),x-mitre-asset--986c455b-0f43-42b6-8360-33ac48bd9990
T0804,Block Reporting Message,attack-pattern--3f1f4ccb-9be2-4ff8-8f69-dd972221169b,A0004,Remote Terminal Unit (RTU),x-mitre-asset--1769c499-55e5-462f-bab2-c39b8cd5ae32
T0804,Block Reporting Message,attack-pattern--3f1f4ccb-9be2-4ff8-8f69-dd972221169b,A0010,Safety Controller,x-mitre-asset--69d1b1ef-e918-4cfd-9a98-29debd04cb32
T0805,Block Serial COM,attack-pattern--1c478716-71d9-46a4-9a53-fa5d576adb60,A0007,Control Server,x-mitre-asset--ecb81a8b-022e-4529-a404-55cffca7d3a3
T0805,Block Serial COM,attack-pattern--1c478716-71d9-46a4-9a53-fa5d576adb60,A0009,Data Gateway,x-mitre-asset--68388d4f-8138-420b-be2b-5a7dfe9ff6b4
T0805,Block Serial COM,attack-pattern--1c478716-71d9-46a4-9a53-fa5d576adb60,A0013,Field I/O,x-mitre-asset--2b676abd-8263-49ea-81a4-78a7e1f776fe
T0805,Block Serial COM,attack-pattern--1c478716-71d9-46a4-9a53-fa5d576adb60,A0002,Human-Machine Interface (HMI),x-mitre-asset--3a95f7e4-4877-4967-b2e8-e287976c3e64
T0805,Block Serial COM,attack-pattern--1c478716-71d9-46a4-9a53-fa5d576adb60,A0005,Intelligent Electronic Device (IED),x-mitre-asset--75f810ad-b678-4c57-b93b-fdc79bba0c04
T0805,Block Serial COM,attack-pattern--1c478716-71d9-46a4-9a53-fa5d576adb60,A0012,Jump Host,x-mitre-asset--14932ed5-1098-4cc1-9f57-159ab7366787
T0805,Block Serial COM,attack-pattern--1c478716-71d9-46a4-9a53-fa5d576adb60,A0003,Programmable Logic Controller (PLC),x-mitre-asset--986c455b-0f43-42b6-8360-33ac48bd9990
T0805,Block Serial COM,attack-pattern--1c478716-71d9-46a4-9a53-fa5d576adb60,A0004,Remote Terminal Unit (RTU),x-mitre-asset--1769c499-55e5-462f-bab2-c39b8cd5ae32
T0805,Block Serial COM,attack-pattern--1c478716-71d9-46a4-9a53-fa5d576adb60,A0010,Safety Controller,x-mitre-asset--69d1b1ef-e918-4cfd-9a98-29debd04cb32
T0805,Block Serial COM,attack-pattern--1c478716-71d9-46a4-9a53-fa5d576adb60,A0011,Virtual Private Network (VPN) Server,x-mitre-asset--0804f037-a3b9-4715-98e1-9f73d19d6945
T0805,Block Serial COM,attack-pattern--1c478716-71d9-46a4-9a53-fa5d576adb60,A0001,Workstation,x-mitre-asset--f1315d02-9118-4e3b-8cdf-4c2d3f77ce41
T0806,Brute Force I/O,attack-pattern--8e7089d3-fba2-44f8-94a8-9a79c53920c4,A0007,Control Server,x-mitre-asset--ecb81a8b-022e-4529-a404-55cffca7d3a3
T0806,Brute Force I/O,attack-pattern--8e7089d3-fba2-44f8-94a8-9a79c53920c4,A0002,Human-Machine Interface (HMI),x-mitre-asset--3a95f7e4-4877-4967-b2e8-e287976c3e64
T0806,Brute Force I/O,attack-pattern--8e7089d3-fba2-44f8-94a8-9a79c53920c4,A0005,Intelligent Electronic Device (IED),x-mitre-asset--75f810ad-b678-4c57-b93b-fdc79bba0c04
T0806,Brute Force I/O,attack-pattern--8e7089d3-fba2-44f8-94a8-9a79c53920c4,A0003,Programmable Logic Controller (PLC),x-mitre-asset--986c455b-0f43-42b6-8360-33ac48bd9990
T0806,Brute Force I/O,attack-pattern--8e7089d3-fba2-44f8-94a8-9a79c53920c4,A0004,Remote Terminal Unit (RTU),x-mitre-asset--1769c499-55e5-462f-bab2-c39b8cd5ae32
T0806,Brute Force I/O,attack-pattern--8e7089d3-fba2-44f8-94a8-9a79c53920c4,A0010,Safety Controller,x-mitre-asset--69d1b1ef-e918-4cfd-9a98-29debd04cb32
T0892,Change Credential,attack-pattern--fab8fc7d-f27f-4fbb-9de6-44740aade05f,A0008,Application Server,x-mitre-asset--973bc51e-c41e-4cec-ac03-9389c71f3d0d
T0892,Change Credential,attack-pattern--fab8fc7d-f27f-4fbb-9de6-44740aade05f,A0007,Control Server,x-mitre-asset--ecb81a8b-022e-4529-a404-55cffca7d3a3
T0892,Change Credential,attack-pattern--fab8fc7d-f27f-4fbb-9de6-44740aade05f,A0009,Data Gateway,x-mitre-asset--68388d4f-8138-420b-be2b-5a7dfe9ff6b4
T0892,Change Credential,attack-pattern--fab8fc7d-f27f-4fbb-9de6-44740aade05f,A0006,Data Historian,x-mitre-asset--e2c3336a-dd93-44d6-8246-f93cf132c499
T0892,Change Credential,attack-pattern--fab8fc7d-f27f-4fbb-9de6-44740aade05f,A0002,Human-Machine Interface (HMI),x-mitre-asset--3a95f7e4-4877-4967-b2e8-e287976c3e64
T0892,Change Credential,attack-pattern--fab8fc7d-f27f-4fbb-9de6-44740aade05f,A0005,Intelligent Electronic Device (IED),x-mitre-asset--75f810ad-b678-4c57-b93b-fdc79bba0c04
T0892,Change Credential,attack-pattern--fab8fc7d-f27f-4fbb-9de6-44740aade05f,A0012,Jump Host,x-mitre-asset--14932ed5-1098-4cc1-9f57-159ab7366787
T0892,Change Credential,attack-pattern--fab8fc7d-f27f-4fbb-9de6-44740aade05f,A0003,Programmable Logic Controller (PLC),x-mitre-asset--986c455b-0f43-42b6-8360-33ac48bd9990
T0892,Change Credential,attack-pattern--fab8fc7d-f27f-4fbb-9de6-44740aade05f,A0004,Remote Terminal Unit (RTU),x-mitre-asset--1769c499-55e5-462f-bab2-c39b8cd5ae32
T0892,Change Credential,attack-pattern--fab8fc7d-f27f-4fbb-9de6-44740aade05f,A0014,Routers,x-mitre-asset--dcb1d1c1-b195-45bf-b4cf-5b98c5b859a5
T0892,Change Credential,attack-pattern--fab8fc7d-f27f-4fbb-9de6-44740aade05f,A0010,Safety Controller,x-mitre-asset--69d1b1ef-e918-4cfd-9a98-29debd04cb32
T0892,Change Credential,attack-pattern--fab8fc7d-f27f-4fbb-9de6-44740aade05f,A0011,Virtual Private Network (VPN) Server,x-mitre-asset--0804f037-a3b9-4715-98e1-9f73d19d6945
T0892,Change Credential,attack-pattern--fab8fc7d-f27f-4fbb-9de6-44740aade05f,A0001,Workstation,x-mitre-asset--f1315d02-9118-4e3b-8cdf-4c2d3f77ce41
T0858,Change Operating Mode,attack-pattern--2883c520-7957-46ca-89bd-dab1ad53b601,A0003,Programmable Logic Controller (PLC),x-mitre-asset--986c455b-0f43-42b6-8360-33ac48bd9990
T0858,Change Operating Mode,attack-pattern--2883c520-7957-46ca-89bd-dab1ad53b601,A0010,Safety Controller,x-mitre-asset--69d1b1ef-e918-4cfd-9a98-29debd04cb32
T0807,Command-Line Interface,attack-pattern--24a9253e-8948-4c98-b751-8e2aee53127c,A0008,Application Server,x-mitre-asset--973bc51e-c41e-4cec-ac03-9389c71f3d0d
T0807,Command-Line Interface,attack-pattern--24a9253e-8948-4c98-b751-8e2aee53127c,A0007,Control Server,x-mitre-asset--ecb81a8b-022e-4529-a404-55cffca7d3a3
T0807,Command-Line Interface,attack-pattern--24a9253e-8948-4c98-b751-8e2aee53127c,A0009,Data Gateway,x-mitre-asset--68388d4f-8138-420b-be2b-5a7dfe9ff6b4
T0807,Command-Line Interface,attack-pattern--24a9253e-8948-4c98-b751-8e2aee53127c,A0006,Data Historian,x-mitre-asset--e2c3336a-dd93-44d6-8246-f93cf132c499
T0807,Command-Line Interface,attack-pattern--24a9253e-8948-4c98-b751-8e2aee53127c,A0002,Human-Machine Interface (HMI),x-mitre-asset--3a95f7e4-4877-4967-b2e8-e287976c3e64
T0807,Command-Line Interface,attack-pattern--24a9253e-8948-4c98-b751-8e2aee53127c,A0012,Jump Host,x-mitre-asset--14932ed5-1098-4cc1-9f57-159ab7366787
T0807,Command-Line Interface,attack-pattern--24a9253e-8948-4c98-b751-8e2aee53127c,A0001,Workstation,x-mitre-asset--f1315d02-9118-4e3b-8cdf-4c2d3f77ce41
T0885,Commonly Used Port,attack-pattern--e6c31185-8040-4267-83d3-b217b8a92f07,A0008,Application Server,x-mitre-asset--973bc51e-c41e-4cec-ac03-9389c71f3d0d
T0885,Commonly Used Port,attack-pattern--e6c31185-8040-4267-83d3-b217b8a92f07,A0007,Control Server,x-mitre-asset--ecb81a8b-022e-4529-a404-55cffca7d3a3
T0885,Commonly Used Port,attack-pattern--e6c31185-8040-4267-83d3-b217b8a92f07,A0009,Data Gateway,x-mitre-asset--68388d4f-8138-420b-be2b-5a7dfe9ff6b4
T0885,Commonly Used Port,attack-pattern--e6c31185-8040-4267-83d3-b217b8a92f07,A0006,Data Historian,x-mitre-asset--e2c3336a-dd93-44d6-8246-f93cf132c499
T0885,Commonly Used Port,attack-pattern--e6c31185-8040-4267-83d3-b217b8a92f07,A0013,Field I/O,x-mitre-asset--2b676abd-8263-49ea-81a4-78a7e1f776fe
T0885,Commonly Used Port,attack-pattern--e6c31185-8040-4267-83d3-b217b8a92f07,A0002,Human-Machine Interface (HMI),x-mitre-asset--3a95f7e4-4877-4967-b2e8-e287976c3e64
T0885,Commonly Used Port,attack-pattern--e6c31185-8040-4267-83d3-b217b8a92f07,A0005,Intelligent Electronic Device (IED),x-mitre-asset--75f810ad-b678-4c57-b93b-fdc79bba0c04
T0885,Commonly Used Port,attack-pattern--e6c31185-8040-4267-83d3-b217b8a92f07,A0012,Jump Host,x-mitre-asset--14932ed5-1098-4cc1-9f57-159ab7366787
T0885,Commonly Used Port,attack-pattern--e6c31185-8040-4267-83d3-b217b8a92f07,A0003,Programmable Logic Controller (PLC),x-mitre-asset--986c455b-0f43-42b6-8360-33ac48bd9990
T0885,Commonly Used Port,attack-pattern--e6c31185-8040-4267-83d3-b217b8a92f07,A0004,Remote Terminal Unit (RTU),x-mitre-asset--1769c499-55e5-462f-bab2-c39b8cd5ae32
T0885,Commonly Used Port,attack-pattern--e6c31185-8040-4267-83d3-b217b8a92f07,A0014,Routers,x-mitre-asset--dcb1d1c1-b195-45bf-b4cf-5b98c5b859a5
T0885,Commonly Used Port,attack-pattern--e6c31185-8040-4267-83d3-b217b8a92f07,A0010,Safety Controller,x-mitre-asset--69d1b1ef-e918-4cfd-9a98-29debd04cb32
T0885,Commonly Used Port,attack-pattern--e6c31185-8040-4267-83d3-b217b8a92f07,A0011,Virtual Private Network (VPN) Server,x-mitre-asset--0804f037-a3b9-4715-98e1-9f73d19d6945
T0885,Commonly Used Port,attack-pattern--e6c31185-8040-4267-83d3-b217b8a92f07,A0001,Workstation,x-mitre-asset--f1315d02-9118-4e3b-8cdf-4c2d3f77ce41
T0884,Connection Proxy,attack-pattern--d67adac8-e3b9-44f9-9e6d-6c2a7d69dbe4,A0008,Application Server,x-mitre-asset--973bc51e-c41e-4cec-ac03-9389c71f3d0d
T0884,Connection Proxy,attack-pattern--d67adac8-e3b9-44f9-9e6d-6c2a7d69dbe4,A0007,Control Server,x-mitre-asset--ecb81a8b-022e-4529-a404-55cffca7d3a3
T0884,Connection Proxy,attack-pattern--d67adac8-e3b9-44f9-9e6d-6c2a7d69dbe4,A0009,Data Gateway,x-mitre-asset--68388d4f-8138-420b-be2b-5a7dfe9ff6b4
T0884,Connection Proxy,attack-pattern--d67adac8-e3b9-44f9-9e6d-6c2a7d69dbe4,A0006,Data Historian,x-mitre-asset--e2c3336a-dd93-44d6-8246-f93cf132c499
T0884,Connection Proxy,attack-pattern--d67adac8-e3b9-44f9-9e6d-6c2a7d69dbe4,A0013,Field I/O,x-mitre-asset--2b676abd-8263-49ea-81a4-78a7e1f776fe
T0884,Connection Proxy,attack-pattern--d67adac8-e3b9-44f9-9e6d-6c2a7d69dbe4,A0002,Human-Machine Interface (HMI),x-mitre-asset--3a95f7e4-4877-4967-b2e8-e287976c3e64
T0884,Connection Proxy,attack-pattern--d67adac8-e3b9-44f9-9e6d-6c2a7d69dbe4,A0005,Intelligent Electronic Device (IED),x-mitre-asset--75f810ad-b678-4c57-b93b-fdc79bba0c04
T0884,Connection Proxy,attack-pattern--d67adac8-e3b9-44f9-9e6d-6c2a7d69dbe4,A0012,Jump Host,x-mitre-asset--14932ed5-1098-4cc1-9f57-159ab7366787
T0884,Connection Proxy,attack-pattern--d67adac8-e3b9-44f9-9e6d-6c2a7d69dbe4,A0003,Programmable Logic Controller (PLC),x-mitre-asset--986c455b-0f43-42b6-8360-33ac48bd9990
T0884,Connection Proxy,attack-pattern--d67adac8-e3b9-44f9-9e6d-6c2a7d69dbe4,A0004,Remote Terminal Unit (RTU),x-mitre-asset--1769c499-55e5-462f-bab2-c39b8cd5ae32
T0884,Connection Proxy,attack-pattern--d67adac8-e3b9-44f9-9e6d-6c2a7d69dbe4,A0014,Routers,x-mitre-asset--dcb1d1c1-b195-45bf-b4cf-5b98c5b859a5
T0884,Connection Proxy,attack-pattern--d67adac8-e3b9-44f9-9e6d-6c2a7d69dbe4,A0010,Safety Controller,x-mitre-asset--69d1b1ef-e918-4cfd-9a98-29debd04cb32
T0884,Connection Proxy,attack-pattern--d67adac8-e3b9-44f9-9e6d-6c2a7d69dbe4,A0011,Virtual Private Network (VPN) Server,x-mitre-asset--0804f037-a3b9-4715-98e1-9f73d19d6945
T0884,Connection Proxy,attack-pattern--d67adac8-e3b9-44f9-9e6d-6c2a7d69dbe4,A0001,Workstation,x-mitre-asset--f1315d02-9118-4e3b-8cdf-4c2d3f77ce41
T0809,Data Destruction,attack-pattern--493832d9-cea6-4b63-abe7-9a65a6473675,A0008,Application Server,x-mitre-asset--973bc51e-c41e-4cec-ac03-9389c71f3d0d
T0809,Data Destruction,attack-pattern--493832d9-cea6-4b63-abe7-9a65a6473675,A0007,Control Server,x-mitre-asset--ecb81a8b-022e-4529-a404-55cffca7d3a3
T0809,Data Destruction,attack-pattern--493832d9-cea6-4b63-abe7-9a65a6473675,A0009,Data Gateway,x-mitre-asset--68388d4f-8138-420b-be2b-5a7dfe9ff6b4
T0809,Data Destruction,attack-pattern--493832d9-cea6-4b63-abe7-9a65a6473675,A0006,Data Historian,x-mitre-asset--e2c3336a-dd93-44d6-8246-f93cf132c499
T0809,Data Destruction,attack-pattern--493832d9-cea6-4b63-abe7-9a65a6473675,A0013,Field I/O,x-mitre-asset--2b676abd-8263-49ea-81a4-78a7e1f776fe
T0809,Data Destruction,attack-pattern--493832d9-cea6-4b63-abe7-9a65a6473675,A0002,Human-Machine Interface (HMI),x-mitre-asset--3a95f7e4-4877-4967-b2e8-e287976c3e64
T0809,Data Destruction,attack-pattern--493832d9-cea6-4b63-abe7-9a65a6473675,A0005,Intelligent Electronic Device (IED),x-mitre-asset--75f810ad-b678-4c57-b93b-fdc79bba0c04
T0809,Data Destruction,attack-pattern--493832d9-cea6-4b63-abe7-9a65a6473675,A0012,Jump Host,x-mitre-asset--14932ed5-1098-4cc1-9f57-159ab7366787
T0809,Data Destruction,attack-pattern--493832d9-cea6-4b63-abe7-9a65a6473675,A0003,Programmable Logic Controller (PLC),x-mitre-asset--986c455b-0f43-42b6-8360-33ac48bd9990
T0809,Data Destruction,attack-pattern--493832d9-cea6-4b63-abe7-9a65a6473675,A0004,Remote Terminal Unit (RTU),x-mitre-asset--1769c499-55e5-462f-bab2-c39b8cd5ae32
T0809,Data Destruction,attack-pattern--493832d9-cea6-4b63-abe7-9a65a6473675,A0014,Routers,x-mitre-asset--dcb1d1c1-b195-45bf-b4cf-5b98c5b859a5
T0809,Data Destruction,attack-pattern--493832d9-cea6-4b63-abe7-9a65a6473675,A0010,Safety Controller,x-mitre-asset--69d1b1ef-e918-4cfd-9a98-29debd04cb32
T0809,Data Destruction,attack-pattern--493832d9-cea6-4b63-abe7-9a65a6473675,A0011,Virtual Private Network (VPN) Server,x-mitre-asset--0804f037-a3b9-4715-98e1-9f73d19d6945
T0809,Data Destruction,attack-pattern--493832d9-cea6-4b63-abe7-9a65a6473675,A0001,Workstation,x-mitre-asset--f1315d02-9118-4e3b-8cdf-4c2d3f77ce41
T0811,Data from Information Repositories,attack-pattern--3405891b-16aa-4bd7-bd7c-733501f9b20f,A0007,Control Server,x-mitre-asset--ecb81a8b-022e-4529-a404-55cffca7d3a3
T0811,Data from Information Repositories,attack-pattern--3405891b-16aa-4bd7-bd7c-733501f9b20f,A0006,Data Historian,x-mitre-asset--e2c3336a-dd93-44d6-8246-f93cf132c499
T0893,Data from Local System,attack-pattern--fa3aa267-da22-4bdd-961f-03223322a8d5,A0008,Application Server,x-mitre-asset--973bc51e-c41e-4cec-ac03-9389c71f3d0d
T0893,Data from Local System,attack-pattern--fa3aa267-da22-4bdd-961f-03223322a8d5,A0007,Control Server,x-mitre-asset--ecb81a8b-022e-4529-a404-55cffca7d3a3
T0893,Data from Local System,attack-pattern--fa3aa267-da22-4bdd-961f-03223322a8d5,A0006,Data Historian,x-mitre-asset--e2c3336a-dd93-44d6-8246-f93cf132c499
T0893,Data from Local System,attack-pattern--fa3aa267-da22-4bdd-961f-03223322a8d5,A0002,Human-Machine Interface (HMI),x-mitre-asset--3a95f7e4-4877-4967-b2e8-e287976c3e64
T0893,Data from Local System,attack-pattern--fa3aa267-da22-4bdd-961f-03223322a8d5,A0012,Jump Host,x-mitre-asset--14932ed5-1098-4cc1-9f57-159ab7366787
T0893,Data from Local System,attack-pattern--fa3aa267-da22-4bdd-961f-03223322a8d5,A0001,Workstation,x-mitre-asset--f1315d02-9118-4e3b-8cdf-4c2d3f77ce41
T0812,Default Credentials,attack-pattern--8bb4538f-f16f-49f0-a431-70b5444c7349,A0008,Application Server,x-mitre-asset--973bc51e-c41e-4cec-ac03-9389c71f3d0d
T0812,Default Credentials,attack-pattern--8bb4538f-f16f-49f0-a431-70b5444c7349,A0007,Control Server,x-mitre-asset--ecb81a8b-022e-4529-a404-55cffca7d3a3
T0812,Default Credentials,attack-pattern--8bb4538f-f16f-49f0-a431-70b5444c7349,A0009,Data Gateway,x-mitre-asset--68388d4f-8138-420b-be2b-5a7dfe9ff6b4
T0812,Default Credentials,attack-pattern--8bb4538f-f16f-49f0-a431-70b5444c7349,A0006,Data Historian,x-mitre-asset--e2c3336a-dd93-44d6-8246-f93cf132c499
T0812,Default Credentials,attack-pattern--8bb4538f-f16f-49f0-a431-70b5444c7349,A0013,Field I/O,x-mitre-asset--2b676abd-8263-49ea-81a4-78a7e1f776fe
T0812,Default Credentials,attack-pattern--8bb4538f-f16f-49f0-a431-70b5444c7349,A0002,Human-Machine Interface (HMI),x-mitre-asset--3a95f7e4-4877-4967-b2e8-e287976c3e64
T0812,Default Credentials,attack-pattern--8bb4538f-f16f-49f0-a431-70b5444c7349,A0005,Intelligent Electronic Device (IED),x-mitre-asset--75f810ad-b678-4c57-b93b-fdc79bba0c04
T0812,Default Credentials,attack-pattern--8bb4538f-f16f-49f0-a431-70b5444c7349,A0012,Jump Host,x-mitre-asset--14932ed5-1098-4cc1-9f57-159ab7366787
T0812,Default Credentials,attack-pattern--8bb4538f-f16f-49f0-a431-70b5444c7349,A0003,Programmable Logic Controller (PLC),x-mitre-asset--986c455b-0f43-42b6-8360-33ac48bd9990
T0812,Default Credentials,attack-pattern--8bb4538f-f16f-49f0-a431-70b5444c7349,A0004,Remote Terminal Unit (RTU),x-mitre-asset--1769c499-55e5-462f-bab2-c39b8cd5ae32
T0812,Default Credentials,attack-pattern--8bb4538f-f16f-49f0-a431-70b5444c7349,A0014,Routers,x-mitre-asset--dcb1d1c1-b195-45bf-b4cf-5b98c5b859a5
T0812,Default Credentials,attack-pattern--8bb4538f-f16f-49f0-a431-70b5444c7349,A0010,Safety Controller,x-mitre-asset--69d1b1ef-e918-4cfd-9a98-29debd04cb32
T0812,Default Credentials,attack-pattern--8bb4538f-f16f-49f0-a431-70b5444c7349,A0011,Virtual Private Network (VPN) Server,x-mitre-asset--0804f037-a3b9-4715-98e1-9f73d19d6945
T0812,Default Credentials,attack-pattern--8bb4538f-f16f-49f0-a431-70b5444c7349,A0001,Workstation,x-mitre-asset--f1315d02-9118-4e3b-8cdf-4c2d3f77ce41
T0814,Denial of Service,attack-pattern--1b22b676-9347-4c55-9a35-ef0dc653db5b,A0007,Control Server,x-mitre-asset--ecb81a8b-022e-4529-a404-55cffca7d3a3
T0814,Denial of Service,attack-pattern--1b22b676-9347-4c55-9a35-ef0dc653db5b,A0009,Data Gateway,x-mitre-asset--68388d4f-8138-420b-be2b-5a7dfe9ff6b4
T0814,Denial of Service,attack-pattern--1b22b676-9347-4c55-9a35-ef0dc653db5b,A0006,Data Historian,x-mitre-asset--e2c3336a-dd93-44d6-8246-f93cf132c499
T0814,Denial of Service,attack-pattern--1b22b676-9347-4c55-9a35-ef0dc653db5b,A0013,Field I/O,x-mitre-asset--2b676abd-8263-49ea-81a4-78a7e1f776fe
T0814,Denial of Service,attack-pattern--1b22b676-9347-4c55-9a35-ef0dc653db5b,A0002,Human-Machine Interface (HMI),x-mitre-asset--3a95f7e4-4877-4967-b2e8-e287976c3e64
T0814,Denial of Service,attack-pattern--1b22b676-9347-4c55-9a35-ef0dc653db5b,A0005,Intelligent Electronic Device (IED),x-mitre-asset--75f810ad-b678-4c57-b93b-fdc79bba0c04
T0814,Denial of Service,attack-pattern--1b22b676-9347-4c55-9a35-ef0dc653db5b,A0012,Jump Host,x-mitre-asset--14932ed5-1098-4cc1-9f57-159ab7366787
T0814,Denial of Service,attack-pattern--1b22b676-9347-4c55-9a35-ef0dc653db5b,A0003,Programmable Logic Controller (PLC),x-mitre-asset--986c455b-0f43-42b6-8360-33ac48bd9990
T0814,Denial of Service,attack-pattern--1b22b676-9347-4c55-9a35-ef0dc653db5b,A0004,Remote Terminal Unit (RTU),x-mitre-asset--1769c499-55e5-462f-bab2-c39b8cd5ae32
T0814,Denial of Service,attack-pattern--1b22b676-9347-4c55-9a35-ef0dc653db5b,A0010,Safety Controller,x-mitre-asset--69d1b1ef-e918-4cfd-9a98-29debd04cb32
T0868,Detect Operating Mode,attack-pattern--2aa406ed-81c3-4c1d-ba83-cfbee5a2847a,A0003,Programmable Logic Controller (PLC),x-mitre-asset--986c455b-0f43-42b6-8360-33ac48bd9990
T0868,Detect Operating Mode,attack-pattern--2aa406ed-81c3-4c1d-ba83-cfbee5a2847a,A0010,Safety Controller,x-mitre-asset--69d1b1ef-e918-4cfd-9a98-29debd04cb32
T0816,Device Restart/Shutdown,attack-pattern--25dfc8ad-bd73-4dfd-84a9-3c3d383f76e9,A0008,Application Server,x-mitre-asset--973bc51e-c41e-4cec-ac03-9389c71f3d0d
T0816,Device Restart/Shutdown,attack-pattern--25dfc8ad-bd73-4dfd-84a9-3c3d383f76e9,A0007,Control Server,x-mitre-asset--ecb81a8b-022e-4529-a404-55cffca7d3a3
T0816,Device Restart/Shutdown,attack-pattern--25dfc8ad-bd73-4dfd-84a9-3c3d383f76e9,A0009,Data Gateway,x-mitre-asset--68388d4f-8138-420b-be2b-5a7dfe9ff6b4
T0816,Device Restart/Shutdown,attack-pattern--25dfc8ad-bd73-4dfd-84a9-3c3d383f76e9,A0006,Data Historian,x-mitre-asset--e2c3336a-dd93-44d6-8246-f93cf132c499
T0816,Device Restart/Shutdown,attack-pattern--25dfc8ad-bd73-4dfd-84a9-3c3d383f76e9,A0013,Field I/O,x-mitre-asset--2b676abd-8263-49ea-81a4-78a7e1f776fe
T0816,Device Restart/Shutdown,attack-pattern--25dfc8ad-bd73-4dfd-84a9-3c3d383f76e9,A0002,Human-Machine Interface (HMI),x-mitre-asset--3a95f7e4-4877-4967-b2e8-e287976c3e64
T0816,Device Restart/Shutdown,attack-pattern--25dfc8ad-bd73-4dfd-84a9-3c3d383f76e9,A0005,Intelligent Electronic Device (IED),x-mitre-asset--75f810ad-b678-4c57-b93b-fdc79bba0c04
T0816,Device Restart/Shutdown,attack-pattern--25dfc8ad-bd73-4dfd-84a9-3c3d383f76e9,A0012,Jump Host,x-mitre-asset--14932ed5-1098-4cc1-9f57-159ab7366787
T0816,Device Restart/Shutdown,attack-pattern--25dfc8ad-bd73-4dfd-84a9-3c3d383f76e9,A0003,Programmable Logic Controller (PLC),x-mitre-asset--986c455b-0f43-42b6-8360-33ac48bd9990
T0816,Device Restart/Shutdown,attack-pattern--25dfc8ad-bd73-4dfd-84a9-3c3d383f76e9,A0004,Remote Terminal Unit (RTU),x-mitre-asset--1769c499-55e5-462f-bab2-c39b8cd5ae32
T0816,Device Restart/Shutdown,attack-pattern--25dfc8ad-bd73-4dfd-84a9-3c3d383f76e9,A0014,Routers,x-mitre-asset--dcb1d1c1-b195-45bf-b4cf-5b98c5b859a5
T0816,Device Restart/Shutdown,attack-pattern--25dfc8ad-bd73-4dfd-84a9-3c3d383f76e9,A0010,Safety Controller,x-mitre-asset--69d1b1ef-e918-4cfd-9a98-29debd04cb32
T0816,Device Restart/Shutdown,attack-pattern--25dfc8ad-bd73-4dfd-84a9-3c3d383f76e9,A0011,Virtual Private Network (VPN) Server,x-mitre-asset--0804f037-a3b9-4715-98e1-9f73d19d6945
T0816,Device Restart/Shutdown,attack-pattern--25dfc8ad-bd73-4dfd-84a9-3c3d383f76e9,A0001,Workstation,x-mitre-asset--f1315d02-9118-4e3b-8cdf-4c2d3f77ce41
T0817,Drive-by Compromise,attack-pattern--7830cfcf-b268-4ac0-a69e-73c6affbae9a,A0001,Workstation,x-mitre-asset--f1315d02-9118-4e3b-8cdf-4c2d3f77ce41
T0871,Execution through API,attack-pattern--5a2610f6-9fff-41e1-bc27-575ca20383d4,A0009,Data Gateway,x-mitre-asset--68388d4f-8138-420b-be2b-5a7dfe9ff6b4
T0871,Execution through API,attack-pattern--5a2610f6-9fff-41e1-bc27-575ca20383d4,A0013,Field I/O,x-mitre-asset--2b676abd-8263-49ea-81a4-78a7e1f776fe
T0871,Execution through API,attack-pattern--5a2610f6-9fff-41e1-bc27-575ca20383d4,A0002,Human-Machine Interface (HMI),x-mitre-asset--3a95f7e4-4877-4967-b2e8-e287976c3e64
T0871,Execution through API,attack-pattern--5a2610f6-9fff-41e1-bc27-575ca20383d4,A0005,Intelligent Electronic Device (IED),x-mitre-asset--75f810ad-b678-4c57-b93b-fdc79bba0c04
T0871,Execution through API,attack-pattern--5a2610f6-9fff-41e1-bc27-575ca20383d4,A0003,Programmable Logic Controller (PLC),x-mitre-asset--986c455b-0f43-42b6-8360-33ac48bd9990
T0871,Execution through API,attack-pattern--5a2610f6-9fff-41e1-bc27-575ca20383d4,A0004,Remote Terminal Unit (RTU),x-mitre-asset--1769c499-55e5-462f-bab2-c39b8cd5ae32
T0871,Execution through API,attack-pattern--5a2610f6-9fff-41e1-bc27-575ca20383d4,A0010,Safety Controller,x-mitre-asset--69d1b1ef-e918-4cfd-9a98-29debd04cb32
T0871,Execution through API,attack-pattern--5a2610f6-9fff-41e1-bc27-575ca20383d4,A0001,Workstation,x-mitre-asset--f1315d02-9118-4e3b-8cdf-4c2d3f77ce41
T0819,Exploit Public-Facing Application,attack-pattern--32632a95-6856-47b9-9ab7-fea5cd7dce00,A0008,Application Server,x-mitre-asset--973bc51e-c41e-4cec-ac03-9389c71f3d0d
T0819,Exploit Public-Facing Application,attack-pattern--32632a95-6856-47b9-9ab7-fea5cd7dce00,A0011,Virtual Private Network (VPN) Server,x-mitre-asset--0804f037-a3b9-4715-98e1-9f73d19d6945
T0819,Exploit Public-Facing Application,attack-pattern--32632a95-6856-47b9-9ab7-fea5cd7dce00,A0001,Workstation,x-mitre-asset--f1315d02-9118-4e3b-8cdf-4c2d3f77ce41
T0820,Exploitation for Evasion,attack-pattern--9f947a1c-3860-48a8-8af0-a2dfa3efde03,A0008,Application Server,x-mitre-asset--973bc51e-c41e-4cec-ac03-9389c71f3d0d
T0820,Exploitation for Evasion,attack-pattern--9f947a1c-3860-48a8-8af0-a2dfa3efde03,A0007,Control Server,x-mitre-asset--ecb81a8b-022e-4529-a404-55cffca7d3a3
T0820,Exploitation for Evasion,attack-pattern--9f947a1c-3860-48a8-8af0-a2dfa3efde03,A0009,Data Gateway,x-mitre-asset--68388d4f-8138-420b-be2b-5a7dfe9ff6b4
T0820,Exploitation for Evasion,attack-pattern--9f947a1c-3860-48a8-8af0-a2dfa3efde03,A0006,Data Historian,x-mitre-asset--e2c3336a-dd93-44d6-8246-f93cf132c499
T0820,Exploitation for Evasion,attack-pattern--9f947a1c-3860-48a8-8af0-a2dfa3efde03,A0002,Human-Machine Interface (HMI),x-mitre-asset--3a95f7e4-4877-4967-b2e8-e287976c3e64
T0820,Exploitation for Evasion,attack-pattern--9f947a1c-3860-48a8-8af0-a2dfa3efde03,A0005,Intelligent Electronic Device (IED),x-mitre-asset--75f810ad-b678-4c57-b93b-fdc79bba0c04
T0820,Exploitation for Evasion,attack-pattern--9f947a1c-3860-48a8-8af0-a2dfa3efde03,A0012,Jump Host,x-mitre-asset--14932ed5-1098-4cc1-9f57-159ab7366787
T0820,Exploitation for Evasion,attack-pattern--9f947a1c-3860-48a8-8af0-a2dfa3efde03,A0003,Programmable Logic Controller (PLC),x-mitre-asset--986c455b-0f43-42b6-8360-33ac48bd9990
T0820,Exploitation for Evasion,attack-pattern--9f947a1c-3860-48a8-8af0-a2dfa3efde03,A0014,Routers,x-mitre-asset--dcb1d1c1-b195-45bf-b4cf-5b98c5b859a5
T0820,Exploitation for Evasion,attack-pattern--9f947a1c-3860-48a8-8af0-a2dfa3efde03,A0010,Safety Controller,x-mitre-asset--69d1b1ef-e918-4cfd-9a98-29debd04cb32
T0820,Exploitation for Evasion,attack-pattern--9f947a1c-3860-48a8-8af0-a2dfa3efde03,A0011,Virtual Private Network (VPN) Server,x-mitre-asset--0804f037-a3b9-4715-98e1-9f73d19d6945
T0820,Exploitation for Evasion,attack-pattern--9f947a1c-3860-48a8-8af0-a2dfa3efde03,A0001,Workstation,x-mitre-asset--f1315d02-9118-4e3b-8cdf-4c2d3f77ce41
T0890,Exploitation for Privilege Escalation,attack-pattern--cfe68e93-ce94-4c0f-a57d-3aa72cedd618,A0008,Application Server,x-mitre-asset--973bc51e-c41e-4cec-ac03-9389c71f3d0d
T0890,Exploitation for Privilege Escalation,attack-pattern--cfe68e93-ce94-4c0f-a57d-3aa72cedd618,A0007,Control Server,x-mitre-asset--ecb81a8b-022e-4529-a404-55cffca7d3a3
T0890,Exploitation for Privilege Escalation,attack-pattern--cfe68e93-ce94-4c0f-a57d-3aa72cedd618,A0009,Data Gateway,x-mitre-asset--68388d4f-8138-420b-be2b-5a7dfe9ff6b4
T0890,Exploitation for Privilege Escalation,attack-pattern--cfe68e93-ce94-4c0f-a57d-3aa72cedd618,A0006,Data Historian,x-mitre-asset--e2c3336a-dd93-44d6-8246-f93cf132c499
T0890,Exploitation for Privilege Escalation,attack-pattern--cfe68e93-ce94-4c0f-a57d-3aa72cedd618,A0002,Human-Machine Interface (HMI),x-mitre-asset--3a95f7e4-4877-4967-b2e8-e287976c3e64
T0890,Exploitation for Privilege Escalation,attack-pattern--cfe68e93-ce94-4c0f-a57d-3aa72cedd618,A0005,Intelligent Electronic Device (IED),x-mitre-asset--75f810ad-b678-4c57-b93b-fdc79bba0c04
T0890,Exploitation for Privilege Escalation,attack-pattern--cfe68e93-ce94-4c0f-a57d-3aa72cedd618,A0012,Jump Host,x-mitre-asset--14932ed5-1098-4cc1-9f57-159ab7366787
T0890,Exploitation for Privilege Escalation,attack-pattern--cfe68e93-ce94-4c0f-a57d-3aa72cedd618,A0003,Programmable Logic Controller (PLC),x-mitre-asset--986c455b-0f43-42b6-8360-33ac48bd9990
T0890,Exploitation for Privilege Escalation,attack-pattern--cfe68e93-ce94-4c0f-a57d-3aa72cedd618,A0014,Routers,x-mitre-asset--dcb1d1c1-b195-45bf-b4cf-5b98c5b859a5
T0890,Exploitation for Privilege Escalation,attack-pattern--cfe68e93-ce94-4c0f-a57d-3aa72cedd618,A0010,Safety Controller,x-mitre-asset--69d1b1ef-e918-4cfd-9a98-29debd04cb32
T0890,Exploitation for Privilege Escalation,attack-pattern--cfe68e93-ce94-4c0f-a57d-3aa72cedd618,A0011,Virtual Private Network (VPN) Server,x-mitre-asset--0804f037-a3b9-4715-98e1-9f73d19d6945
T0890,Exploitation for Privilege Escalation,attack-pattern--cfe68e93-ce94-4c0f-a57d-3aa72cedd618,A0001,Workstation,x-mitre-asset--f1315d02-9118-4e3b-8cdf-4c2d3f77ce41
T0866,Exploitation of Remote Services,attack-pattern--85a45294-08f1-4539-bf00-7da08aa7b0ee,A0008,Application Server,x-mitre-asset--973bc51e-c41e-4cec-ac03-9389c71f3d0d
T0866,Exploitation of Remote Services,attack-pattern--85a45294-08f1-4539-bf00-7da08aa7b0ee,A0007,Control Server,x-mitre-asset--ecb81a8b-022e-4529-a404-55cffca7d3a3
T0866,Exploitation of Remote Services,attack-pattern--85a45294-08f1-4539-bf00-7da08aa7b0ee,A0009,Data Gateway,x-mitre-asset--68388d4f-8138-420b-be2b-5a7dfe9ff6b4
T0866,Exploitation of Remote Services,attack-pattern--85a45294-08f1-4539-bf00-7da08aa7b0ee,A0006,Data Historian,x-mitre-asset--e2c3336a-dd93-44d6-8246-f93cf132c499
T0866,Exploitation of Remote Services,attack-pattern--85a45294-08f1-4539-bf00-7da08aa7b0ee,A0002,Human-Machine Interface (HMI),x-mitre-asset--3a95f7e4-4877-4967-b2e8-e287976c3e64
T0866,Exploitation of Remote Services,attack-pattern--85a45294-08f1-4539-bf00-7da08aa7b0ee,A0005,Intelligent Electronic Device (IED),x-mitre-asset--75f810ad-b678-4c57-b93b-fdc79bba0c04
T0866,Exploitation of Remote Services,attack-pattern--85a45294-08f1-4539-bf00-7da08aa7b0ee,A0012,Jump Host,x-mitre-asset--14932ed5-1098-4cc1-9f57-159ab7366787
T0866,Exploitation of Remote Services,attack-pattern--85a45294-08f1-4539-bf00-7da08aa7b0ee,A0003,Programmable Logic Controller (PLC),x-mitre-asset--986c455b-0f43-42b6-8360-33ac48bd9990
T0866,Exploitation of Remote Services,attack-pattern--85a45294-08f1-4539-bf00-7da08aa7b0ee,A0004,Remote Terminal Unit (RTU),x-mitre-asset--1769c499-55e5-462f-bab2-c39b8cd5ae32
T0866,Exploitation of Remote Services,attack-pattern--85a45294-08f1-4539-bf00-7da08aa7b0ee,A0014,Routers,x-mitre-asset--dcb1d1c1-b195-45bf-b4cf-5b98c5b859a5
T0866,Exploitation of Remote Services,attack-pattern--85a45294-08f1-4539-bf00-7da08aa7b0ee,A0010,Safety Controller,x-mitre-asset--69d1b1ef-e918-4cfd-9a98-29debd04cb32
T0866,Exploitation of Remote Services,attack-pattern--85a45294-08f1-4539-bf00-7da08aa7b0ee,A0011,Virtual Private Network (VPN) Server,x-mitre-asset--0804f037-a3b9-4715-98e1-9f73d19d6945
T0866,Exploitation of Remote Services,attack-pattern--85a45294-08f1-4539-bf00-7da08aa7b0ee,A0001,Workstation,x-mitre-asset--f1315d02-9118-4e3b-8cdf-4c2d3f77ce41
T0822,External Remote Services,attack-pattern--8d2f3bab-507c-4424-b58b-edc977bd215c,A0008,Application Server,x-mitre-asset--973bc51e-c41e-4cec-ac03-9389c71f3d0d
T0822,External Remote Services,attack-pattern--8d2f3bab-507c-4424-b58b-edc977bd215c,A0009,Data Gateway,x-mitre-asset--68388d4f-8138-420b-be2b-5a7dfe9ff6b4
T0822,External Remote Services,attack-pattern--8d2f3bab-507c-4424-b58b-edc977bd215c,A0006,Data Historian,x-mitre-asset--e2c3336a-dd93-44d6-8246-f93cf132c499
T0822,External Remote Services,attack-pattern--8d2f3bab-507c-4424-b58b-edc977bd215c,A0012,Jump Host,x-mitre-asset--14932ed5-1098-4cc1-9f57-159ab7366787
T0822,External Remote Services,attack-pattern--8d2f3bab-507c-4424-b58b-edc977bd215c,A0014,Routers,x-mitre-asset--dcb1d1c1-b195-45bf-b4cf-5b98c5b859a5
T0822,External Remote Services,attack-pattern--8d2f3bab-507c-4424-b58b-edc977bd215c,A0011,Virtual Private Network (VPN) Server,x-mitre-asset--0804f037-a3b9-4715-98e1-9f73d19d6945
T0823,Graphical User Interface,attack-pattern--b0628bfc-5376-4a38-9182-f324501cb4cf,A0008,Application Server,x-mitre-asset--973bc51e-c41e-4cec-ac03-9389c71f3d0d
T0823,Graphical User Interface,attack-pattern--b0628bfc-5376-4a38-9182-f324501cb4cf,A0007,Control Server,x-mitre-asset--ecb81a8b-022e-4529-a404-55cffca7d3a3
T0823,Graphical User Interface,attack-pattern--b0628bfc-5376-4a38-9182-f324501cb4cf,A0009,Data Gateway,x-mitre-asset--68388d4f-8138-420b-be2b-5a7dfe9ff6b4
T0823,Graphical User Interface,attack-pattern--b0628bfc-5376-4a38-9182-f324501cb4cf,A0006,Data Historian,x-mitre-asset--e2c3336a-dd93-44d6-8246-f93cf132c499
T0823,Graphical User Interface,attack-pattern--b0628bfc-5376-4a38-9182-f324501cb4cf,A0002,Human-Machine Interface (HMI),x-mitre-asset--3a95f7e4-4877-4967-b2e8-e287976c3e64
T0823,Graphical User Interface,attack-pattern--b0628bfc-5376-4a38-9182-f324501cb4cf,A0012,Jump Host,x-mitre-asset--14932ed5-1098-4cc1-9f57-159ab7366787
T0823,Graphical User Interface,attack-pattern--b0628bfc-5376-4a38-9182-f324501cb4cf,A0001,Workstation,x-mitre-asset--f1315d02-9118-4e3b-8cdf-4c2d3f77ce41
T0891,Hardcoded Credentials,attack-pattern--c9a8d958-fcdb-40d2-af4c-461c8031651a,A0013,Field I/O,x-mitre-asset--2b676abd-8263-49ea-81a4-78a7e1f776fe
T0874,Hooking,attack-pattern--ab390887-afc0-4715-826d-b1b167d522ae,A0008,Application Server,x-mitre-asset--973bc51e-c41e-4cec-ac03-9389c71f3d0d
T0874,Hooking,attack-pattern--ab390887-afc0-4715-826d-b1b167d522ae,A0007,Control Server,x-mitre-asset--ecb81a8b-022e-4529-a404-55cffca7d3a3
T0874,Hooking,attack-pattern--ab390887-afc0-4715-826d-b1b167d522ae,A0009,Data Gateway,x-mitre-asset--68388d4f-8138-420b-be2b-5a7dfe9ff6b4
T0874,Hooking,attack-pattern--ab390887-afc0-4715-826d-b1b167d522ae,A0006,Data Historian,x-mitre-asset--e2c3336a-dd93-44d6-8246-f93cf132c499
T0874,Hooking,attack-pattern--ab390887-afc0-4715-826d-b1b167d522ae,A0002,Human-Machine Interface (HMI),x-mitre-asset--3a95f7e4-4877-4967-b2e8-e287976c3e64
T0874,Hooking,attack-pattern--ab390887-afc0-4715-826d-b1b167d522ae,A0005,Intelligent Electronic Device (IED),x-mitre-asset--75f810ad-b678-4c57-b93b-fdc79bba0c04
T0874,Hooking,attack-pattern--ab390887-afc0-4715-826d-b1b167d522ae,A0012,Jump Host,x-mitre-asset--14932ed5-1098-4cc1-9f57-159ab7366787
T0874,Hooking,attack-pattern--ab390887-afc0-4715-826d-b1b167d522ae,A0003,Programmable Logic Controller (PLC),x-mitre-asset--986c455b-0f43-42b6-8360-33ac48bd9990
T0874,Hooking,attack-pattern--ab390887-afc0-4715-826d-b1b167d522ae,A0004,Remote Terminal Unit (RTU),x-mitre-asset--1769c499-55e5-462f-bab2-c39b8cd5ae32
T0874,Hooking,attack-pattern--ab390887-afc0-4715-826d-b1b167d522ae,A0014,Routers,x-mitre-asset--dcb1d1c1-b195-45bf-b4cf-5b98c5b859a5
T0874,Hooking,attack-pattern--ab390887-afc0-4715-826d-b1b167d522ae,A0010,Safety Controller,x-mitre-asset--69d1b1ef-e918-4cfd-9a98-29debd04cb32
T0874,Hooking,attack-pattern--ab390887-afc0-4715-826d-b1b167d522ae,A0011,Virtual Private Network (VPN) Server,x-mitre-asset--0804f037-a3b9-4715-98e1-9f73d19d6945
T0874,Hooking,attack-pattern--ab390887-afc0-4715-826d-b1b167d522ae,A0001,Workstation,x-mitre-asset--f1315d02-9118-4e3b-8cdf-4c2d3f77ce41
T0877,I/O Image,attack-pattern--53a48c74-0025-45f4-b04a-baa853df8204,A0003,Programmable Logic Controller (PLC),x-mitre-asset--986c455b-0f43-42b6-8360-33ac48bd9990
T0877,I/O Image,attack-pattern--53a48c74-0025-45f4-b04a-baa853df8204,A0010,Safety Controller,x-mitre-asset--69d1b1ef-e918-4cfd-9a98-29debd04cb32
T0872,Indicator Removal on Host,attack-pattern--53a26eee-1080-4d17-9762-2027d5a1b805,A0008,Application Server,x-mitre-asset--973bc51e-c41e-4cec-ac03-9389c71f3d0d
T0872,Indicator Removal on Host,attack-pattern--53a26eee-1080-4d17-9762-2027d5a1b805,A0007,Control Server,x-mitre-asset--ecb81a8b-022e-4529-a404-55cffca7d3a3
T0872,Indicator Removal on Host,attack-pattern--53a26eee-1080-4d17-9762-2027d5a1b805,A0009,Data Gateway,x-mitre-asset--68388d4f-8138-420b-be2b-5a7dfe9ff6b4
T0872,Indicator Removal on Host,attack-pattern--53a26eee-1080-4d17-9762-2027d5a1b805,A0006,Data Historian,x-mitre-asset--e2c3336a-dd93-44d6-8246-f93cf132c499
T0872,Indicator Removal on Host,attack-pattern--53a26eee-1080-4d17-9762-2027d5a1b805,A0002,Human-Machine Interface (HMI),x-mitre-asset--3a95f7e4-4877-4967-b2e8-e287976c3e64
T0872,Indicator Removal on Host,attack-pattern--53a26eee-1080-4d17-9762-2027d5a1b805,A0005,Intelligent Electronic Device (IED),x-mitre-asset--75f810ad-b678-4c57-b93b-fdc79bba0c04
T0872,Indicator Removal on Host,attack-pattern--53a26eee-1080-4d17-9762-2027d5a1b805,A0012,Jump Host,x-mitre-asset--14932ed5-1098-4cc1-9f57-159ab7366787
T0872,Indicator Removal on Host,attack-pattern--53a26eee-1080-4d17-9762-2027d5a1b805,A0003,Programmable Logic Controller (PLC),x-mitre-asset--986c455b-0f43-42b6-8360-33ac48bd9990
T0872,Indicator Removal on Host,attack-pattern--53a26eee-1080-4d17-9762-2027d5a1b805,A0004,Remote Terminal Unit (RTU),x-mitre-asset--1769c499-55e5-462f-bab2-c39b8cd5ae32
T0872,Indicator Removal on Host,attack-pattern--53a26eee-1080-4d17-9762-2027d5a1b805,A0010,Safety Controller,x-mitre-asset--69d1b1ef-e918-4cfd-9a98-29debd04cb32
T0872,Indicator Removal on Host,attack-pattern--53a26eee-1080-4d17-9762-2027d5a1b805,A0011,Virtual Private Network (VPN) Server,x-mitre-asset--0804f037-a3b9-4715-98e1-9f73d19d6945
T0872,Indicator Removal on Host,attack-pattern--53a26eee-1080-4d17-9762-2027d5a1b805,A0001,Workstation,x-mitre-asset--f1315d02-9118-4e3b-8cdf-4c2d3f77ce41
T0883,Internet Accessible Device,attack-pattern--f8df6b57-14bc-425f-9a91-6f59f6799307,A0008,Application Server,x-mitre-asset--973bc51e-c41e-4cec-ac03-9389c71f3d0d
T0883,Internet Accessible Device,attack-pattern--f8df6b57-14bc-425f-9a91-6f59f6799307,A0011,Virtual Private Network (VPN) Server,x-mitre-asset--0804f037-a3b9-4715-98e1-9f73d19d6945
T0883,Internet Accessible Device,attack-pattern--f8df6b57-14bc-425f-9a91-6f59f6799307,A0001,Workstation,x-mitre-asset--f1315d02-9118-4e3b-8cdf-4c2d3f77ce41
T0867,Lateral Tool Transfer,attack-pattern--ead7bd34-186e-4c79-9a4d-b65bcce6ed9d,A0008,Application Server,x-mitre-asset--973bc51e-c41e-4cec-ac03-9389c71f3d0d
T0867,Lateral Tool Transfer,attack-pattern--ead7bd34-186e-4c79-9a4d-b65bcce6ed9d,A0007,Control Server,x-mitre-asset--ecb81a8b-022e-4529-a404-55cffca7d3a3
T0867,Lateral Tool Transfer,attack-pattern--ead7bd34-186e-4c79-9a4d-b65bcce6ed9d,A0013,Field I/O,x-mitre-asset--2b676abd-8263-49ea-81a4-78a7e1f776fe
T0867,Lateral Tool Transfer,attack-pattern--ead7bd34-186e-4c79-9a4d-b65bcce6ed9d,A0012,Jump Host,x-mitre-asset--14932ed5-1098-4cc1-9f57-159ab7366787
T0867,Lateral Tool Transfer,attack-pattern--ead7bd34-186e-4c79-9a4d-b65bcce6ed9d,A0011,Virtual Private Network (VPN) Server,x-mitre-asset--0804f037-a3b9-4715-98e1-9f73d19d6945
T0867,Lateral Tool Transfer,attack-pattern--ead7bd34-186e-4c79-9a4d-b65bcce6ed9d,A0001,Workstation,x-mitre-asset--f1315d02-9118-4e3b-8cdf-4c2d3f77ce41
T0835,Manipulate I/O Image,attack-pattern--36e9f5bc-ac13-4da4-a2f4-01f4877d9004,A0003,Programmable Logic Controller (PLC),x-mitre-asset--986c455b-0f43-42b6-8360-33ac48bd9990
T0835,Manipulate I/O Image,attack-pattern--36e9f5bc-ac13-4da4-a2f4-01f4877d9004,A0010,Safety Controller,x-mitre-asset--69d1b1ef-e918-4cfd-9a98-29debd04cb32
T0849,Masquerading,attack-pattern--ba203963-3182-41ac-af14-7e7ebc83cd61,A0008,Application Server,x-mitre-asset--973bc51e-c41e-4cec-ac03-9389c71f3d0d
T0849,Masquerading,attack-pattern--ba203963-3182-41ac-af14-7e7ebc83cd61,A0007,Control Server,x-mitre-asset--ecb81a8b-022e-4529-a404-55cffca7d3a3
T0849,Masquerading,attack-pattern--ba203963-3182-41ac-af14-7e7ebc83cd61,A0009,Data Gateway,x-mitre-asset--68388d4f-8138-420b-be2b-5a7dfe9ff6b4
T0849,Masquerading,attack-pattern--ba203963-3182-41ac-af14-7e7ebc83cd61,A0006,Data Historian,x-mitre-asset--e2c3336a-dd93-44d6-8246-f93cf132c499
T0849,Masquerading,attack-pattern--ba203963-3182-41ac-af14-7e7ebc83cd61,A0002,Human-Machine Interface (HMI),x-mitre-asset--3a95f7e4-4877-4967-b2e8-e287976c3e64
T0849,Masquerading,attack-pattern--ba203963-3182-41ac-af14-7e7ebc83cd61,A0012,Jump Host,x-mitre-asset--14932ed5-1098-4cc1-9f57-159ab7366787
T0849,Masquerading,attack-pattern--ba203963-3182-41ac-af14-7e7ebc83cd61,A0001,Workstation,x-mitre-asset--f1315d02-9118-4e3b-8cdf-4c2d3f77ce41
T0838,Modify Alarm Settings,attack-pattern--e5de767e-f513-41cd-aa15-33f6ce5fbf92,A0009,Data Gateway,x-mitre-asset--68388d4f-8138-420b-be2b-5a7dfe9ff6b4
T0838,Modify Alarm Settings,attack-pattern--e5de767e-f513-41cd-aa15-33f6ce5fbf92,A0002,Human-Machine Interface (HMI),x-mitre-asset--3a95f7e4-4877-4967-b2e8-e287976c3e64
T0838,Modify Alarm Settings,attack-pattern--e5de767e-f513-41cd-aa15-33f6ce5fbf92,A0005,Intelligent Electronic Device (IED),x-mitre-asset--75f810ad-b678-4c57-b93b-fdc79bba0c04
T0838,Modify Alarm Settings,attack-pattern--e5de767e-f513-41cd-aa15-33f6ce5fbf92,A0003,Programmable Logic Controller (PLC),x-mitre-asset--986c455b-0f43-42b6-8360-33ac48bd9990
T0838,Modify Alarm Settings,attack-pattern--e5de767e-f513-41cd-aa15-33f6ce5fbf92,A0004,Remote Terminal Unit (RTU),x-mitre-asset--1769c499-55e5-462f-bab2-c39b8cd5ae32
T0838,Modify Alarm Settings,attack-pattern--e5de767e-f513-41cd-aa15-33f6ce5fbf92,A0010,Safety Controller,x-mitre-asset--69d1b1ef-e918-4cfd-9a98-29debd04cb32
T0821,Modify Controller Tasking,attack-pattern--09a61657-46e1-439e-b3ed-3e4556a78243,A0003,Programmable Logic Controller (PLC),x-mitre-asset--986c455b-0f43-42b6-8360-33ac48bd9990
T0821,Modify Controller Tasking,attack-pattern--09a61657-46e1-439e-b3ed-3e4556a78243,A0010,Safety Controller,x-mitre-asset--69d1b1ef-e918-4cfd-9a98-29debd04cb32
T0836,Modify Parameter,attack-pattern--097924ce-a9a9-4039-8591-e0deedfb8722,A0005,Intelligent Electronic Device (IED),x-mitre-asset--75f810ad-b678-4c57-b93b-fdc79bba0c04
T0836,Modify Parameter,attack-pattern--097924ce-a9a9-4039-8591-e0deedfb8722,A0003,Programmable Logic Controller (PLC),x-mitre-asset--986c455b-0f43-42b6-8360-33ac48bd9990
T0836,Modify Parameter,attack-pattern--097924ce-a9a9-4039-8591-e0deedfb8722,A0004,Remote Terminal Unit (RTU),x-mitre-asset--1769c499-55e5-462f-bab2-c39b8cd5ae32
T0889,Modify Program,attack-pattern--fc5fda7e-6b2c-4457-b036-759896a2efa2,A0003,Programmable Logic Controller (PLC),x-mitre-asset--986c455b-0f43-42b6-8360-33ac48bd9990
T0889,Modify Program,attack-pattern--fc5fda7e-6b2c-4457-b036-759896a2efa2,A0010,Safety Controller,x-mitre-asset--69d1b1ef-e918-4cfd-9a98-29debd04cb32
T0839,Module Firmware,attack-pattern--efbf7888-f61b-4572-9c80-7e2965c60707,A0003,Programmable Logic Controller (PLC),x-mitre-asset--986c455b-0f43-42b6-8360-33ac48bd9990
T0839,Module Firmware,attack-pattern--efbf7888-f61b-4572-9c80-7e2965c60707,A0010,Safety Controller,x-mitre-asset--69d1b1ef-e918-4cfd-9a98-29debd04cb32
T0801,Monitor Process State,attack-pattern--2d0d40ad-22fa-4cc8-b264-072557e1364b,A0007,Control Server,x-mitre-asset--ecb81a8b-022e-4529-a404-55cffca7d3a3
T0801,Monitor Process State,attack-pattern--2d0d40ad-22fa-4cc8-b264-072557e1364b,A0009,Data Gateway,x-mitre-asset--68388d4f-8138-420b-be2b-5a7dfe9ff6b4
T0801,Monitor Process State,attack-pattern--2d0d40ad-22fa-4cc8-b264-072557e1364b,A0006,Data Historian,x-mitre-asset--e2c3336a-dd93-44d6-8246-f93cf132c499
T0801,Monitor Process State,attack-pattern--2d0d40ad-22fa-4cc8-b264-072557e1364b,A0013,Field I/O,x-mitre-asset--2b676abd-8263-49ea-81a4-78a7e1f776fe
T0801,Monitor Process State,attack-pattern--2d0d40ad-22fa-4cc8-b264-072557e1364b,A0002,Human-Machine Interface (HMI),x-mitre-asset--3a95f7e4-4877-4967-b2e8-e287976c3e64
T0801,Monitor Process State,attack-pattern--2d0d40ad-22fa-4cc8-b264-072557e1364b,A0005,Intelligent Electronic Device (IED),x-mitre-asset--75f810ad-b678-4c57-b93b-fdc79bba0c04
T0801,Monitor Process State,attack-pattern--2d0d40ad-22fa-4cc8-b264-072557e1364b,A0003,Programmable Logic Controller (PLC),x-mitre-asset--986c455b-0f43-42b6-8360-33ac48bd9990
T0801,Monitor Process State,attack-pattern--2d0d40ad-22fa-4cc8-b264-072557e1364b,A0004,Remote Terminal Unit (RTU),x-mitre-asset--1769c499-55e5-462f-bab2-c39b8cd5ae32
T0801,Monitor Process State,attack-pattern--2d0d40ad-22fa-4cc8-b264-072557e1364b,A0010,Safety Controller,x-mitre-asset--69d1b1ef-e918-4cfd-9a98-29debd04cb32
T0834,Native API,attack-pattern--b52870cc-83f3-473c-b895-72d91751030b,A0008,Application Server,x-mitre-asset--973bc51e-c41e-4cec-ac03-9389c71f3d0d
T0834,Native API,attack-pattern--b52870cc-83f3-473c-b895-72d91751030b,A0007,Control Server,x-mitre-asset--ecb81a8b-022e-4529-a404-55cffca7d3a3
T0834,Native API,attack-pattern--b52870cc-83f3-473c-b895-72d91751030b,A0009,Data Gateway,x-mitre-asset--68388d4f-8138-420b-be2b-5a7dfe9ff6b4
T0834,Native API,attack-pattern--b52870cc-83f3-473c-b895-72d91751030b,A0006,Data Historian,x-mitre-asset--e2c3336a-dd93-44d6-8246-f93cf132c499
T0834,Native API,attack-pattern--b52870cc-83f3-473c-b895-72d91751030b,A0013,Field I/O,x-mitre-asset--2b676abd-8263-49ea-81a4-78a7e1f776fe
T0834,Native API,attack-pattern--b52870cc-83f3-473c-b895-72d91751030b,A0002,Human-Machine Interface (HMI),x-mitre-asset--3a95f7e4-4877-4967-b2e8-e287976c3e64
T0834,Native API,attack-pattern--b52870cc-83f3-473c-b895-72d91751030b,A0005,Intelligent Electronic Device (IED),x-mitre-asset--75f810ad-b678-4c57-b93b-fdc79bba0c04
T0834,Native API,attack-pattern--b52870cc-83f3-473c-b895-72d91751030b,A0012,Jump Host,x-mitre-asset--14932ed5-1098-4cc1-9f57-159ab7366787
T0834,Native API,attack-pattern--b52870cc-83f3-473c-b895-72d91751030b,A0003,Programmable Logic Controller (PLC),x-mitre-asset--986c455b-0f43-42b6-8360-33ac48bd9990
T0834,Native API,attack-pattern--b52870cc-83f3-473c-b895-72d91751030b,A0004,Remote Terminal Unit (RTU),x-mitre-asset--1769c499-55e5-462f-bab2-c39b8cd5ae32
T0834,Native API,attack-pattern--b52870cc-83f3-473c-b895-72d91751030b,A0010,Safety Controller,x-mitre-asset--69d1b1ef-e918-4cfd-9a98-29debd04cb32
T0834,Native API,attack-pattern--b52870cc-83f3-473c-b895-72d91751030b,A0011,Virtual Private Network (VPN) Server,x-mitre-asset--0804f037-a3b9-4715-98e1-9f73d19d6945
T0834,Native API,attack-pattern--b52870cc-83f3-473c-b895-72d91751030b,A0001,Workstation,x-mitre-asset--f1315d02-9118-4e3b-8cdf-4c2d3f77ce41
T0840,Network Connection Enumeration,attack-pattern--ea0c980c-5cf0-43a7-a049-59c4c207566e,A0008,Application Server,x-mitre-asset--973bc51e-c41e-4cec-ac03-9389c71f3d0d
T0840,Network Connection Enumeration,attack-pattern--ea0c980c-5cf0-43a7-a049-59c4c207566e,A0007,Control Server,x-mitre-asset--ecb81a8b-022e-4529-a404-55cffca7d3a3
T0840,Network Connection Enumeration,attack-pattern--ea0c980c-5cf0-43a7-a049-59c4c207566e,A0009,Data Gateway,x-mitre-asset--68388d4f-8138-420b-be2b-5a7dfe9ff6b4
T0840,Network Connection Enumeration,attack-pattern--ea0c980c-5cf0-43a7-a049-59c4c207566e,A0006,Data Historian,x-mitre-asset--e2c3336a-dd93-44d6-8246-f93cf132c499
T0840,Network Connection Enumeration,attack-pattern--ea0c980c-5cf0-43a7-a049-59c4c207566e,A0002,Human-Machine Interface (HMI),x-mitre-asset--3a95f7e4-4877-4967-b2e8-e287976c3e64
T0840,Network Connection Enumeration,attack-pattern--ea0c980c-5cf0-43a7-a049-59c4c207566e,A0005,Intelligent Electronic Device (IED),x-mitre-asset--75f810ad-b678-4c57-b93b-fdc79bba0c04
T0840,Network Connection Enumeration,attack-pattern--ea0c980c-5cf0-43a7-a049-59c4c207566e,A0012,Jump Host,x-mitre-asset--14932ed5-1098-4cc1-9f57-159ab7366787
T0840,Network Connection Enumeration,attack-pattern--ea0c980c-5cf0-43a7-a049-59c4c207566e,A0003,Programmable Logic Controller (PLC),x-mitre-asset--986c455b-0f43-42b6-8360-33ac48bd9990
T0840,Network Connection Enumeration,attack-pattern--ea0c980c-5cf0-43a7-a049-59c4c207566e,A0004,Remote Terminal Unit (RTU),x-mitre-asset--1769c499-55e5-462f-bab2-c39b8cd5ae32
T0840,Network Connection Enumeration,attack-pattern--ea0c980c-5cf0-43a7-a049-59c4c207566e,A0010,Safety Controller,x-mitre-asset--69d1b1ef-e918-4cfd-9a98-29debd04cb32
T0840,Network Connection Enumeration,attack-pattern--ea0c980c-5cf0-43a7-a049-59c4c207566e,A0011,Virtual Private Network (VPN) Server,x-mitre-asset--0804f037-a3b9-4715-98e1-9f73d19d6945
T0840,Network Connection Enumeration,attack-pattern--ea0c980c-5cf0-43a7-a049-59c4c207566e,A0001,Workstation,x-mitre-asset--f1315d02-9118-4e3b-8cdf-4c2d3f77ce41
T0842,Network Sniffing,attack-pattern--38213338-1aab-479d-949b-c81b66ccca5c,A0008,Application Server,x-mitre-asset--973bc51e-c41e-4cec-ac03-9389c71f3d0d
T0842,Network Sniffing,attack-pattern--38213338-1aab-479d-949b-c81b66ccca5c,A0007,Control Server,x-mitre-asset--ecb81a8b-022e-4529-a404-55cffca7d3a3
T0842,Network Sniffing,attack-pattern--38213338-1aab-479d-949b-c81b66ccca5c,A0009,Data Gateway,x-mitre-asset--68388d4f-8138-420b-be2b-5a7dfe9ff6b4
T0842,Network Sniffing,attack-pattern--38213338-1aab-479d-949b-c81b66ccca5c,A0006,Data Historian,x-mitre-asset--e2c3336a-dd93-44d6-8246-f93cf132c499
T0842,Network Sniffing,attack-pattern--38213338-1aab-479d-949b-c81b66ccca5c,A0002,Human-Machine Interface (HMI),x-mitre-asset--3a95f7e4-4877-4967-b2e8-e287976c3e64
T0842,Network Sniffing,attack-pattern--38213338-1aab-479d-949b-c81b66ccca5c,A0005,Intelligent Electronic Device (IED),x-mitre-asset--75f810ad-b678-4c57-b93b-fdc79bba0c04
T0842,Network Sniffing,attack-pattern--38213338-1aab-479d-949b-c81b66ccca5c,A0012,Jump Host,x-mitre-asset--14932ed5-1098-4cc1-9f57-159ab7366787
T0842,Network Sniffing,attack-pattern--38213338-1aab-479d-949b-c81b66ccca5c,A0003,Programmable Logic Controller (PLC),x-mitre-asset--986c455b-0f43-42b6-8360-33ac48bd9990
T0842,Network Sniffing,attack-pattern--38213338-1aab-479d-949b-c81b66ccca5c,A0004,Remote Terminal Unit (RTU),x-mitre-asset--1769c499-55e5-462f-bab2-c39b8cd5ae32
T0842,Network Sniffing,attack-pattern--38213338-1aab-479d-949b-c81b66ccca5c,A0010,Safety Controller,x-mitre-asset--69d1b1ef-e918-4cfd-9a98-29debd04cb32
T0842,Network Sniffing,attack-pattern--38213338-1aab-479d-949b-c81b66ccca5c,A0011,Virtual Private Network (VPN) Server,x-mitre-asset--0804f037-a3b9-4715-98e1-9f73d19d6945
T0842,Network Sniffing,attack-pattern--38213338-1aab-479d-949b-c81b66ccca5c,A0001,Workstation,x-mitre-asset--f1315d02-9118-4e3b-8cdf-4c2d3f77ce41
T0861,Point & Tag Identification,attack-pattern--25852363-5968-4673-b81d-341d5ed90bd1,A0007,Control Server,x-mitre-asset--ecb81a8b-022e-4529-a404-55cffca7d3a3
T0861,Point & Tag Identification,attack-pattern--25852363-5968-4673-b81d-341d5ed90bd1,A0009,Data Gateway,x-mitre-asset--68388d4f-8138-420b-be2b-5a7dfe9ff6b4
T0861,Point & Tag Identification,attack-pattern--25852363-5968-4673-b81d-341d5ed90bd1,A0006,Data Historian,x-mitre-asset--e2c3336a-dd93-44d6-8246-f93cf132c499
T0861,Point & Tag Identification,attack-pattern--25852363-5968-4673-b81d-341d5ed90bd1,A0002,Human-Machine Interface (HMI),x-mitre-asset--3a95f7e4-4877-4967-b2e8-e287976c3e64
T0861,Point & Tag Identification,attack-pattern--25852363-5968-4673-b81d-341d5ed90bd1,A0005,Intelligent Electronic Device (IED),x-mitre-asset--75f810ad-b678-4c57-b93b-fdc79bba0c04
T0861,Point & Tag Identification,attack-pattern--25852363-5968-4673-b81d-341d5ed90bd1,A0003,Programmable Logic Controller (PLC),x-mitre-asset--986c455b-0f43-42b6-8360-33ac48bd9990
T0861,Point & Tag Identification,attack-pattern--25852363-5968-4673-b81d-341d5ed90bd1,A0004,Remote Terminal Unit (RTU),x-mitre-asset--1769c499-55e5-462f-bab2-c39b8cd5ae32
T0861,Point & Tag Identification,attack-pattern--25852363-5968-4673-b81d-341d5ed90bd1,A0010,Safety Controller,x-mitre-asset--69d1b1ef-e918-4cfd-9a98-29debd04cb32
T0843,Program Download,attack-pattern--be69c571-d746-4b1f-bdd0-c0c9817e9068,A0003,Programmable Logic Controller (PLC),x-mitre-asset--986c455b-0f43-42b6-8360-33ac48bd9990
T0843,Program Download,attack-pattern--be69c571-d746-4b1f-bdd0-c0c9817e9068,A0010,Safety Controller,x-mitre-asset--69d1b1ef-e918-4cfd-9a98-29debd04cb32
T0845,Program Upload,attack-pattern--3067b85e-271e-4bc5-81ad-ab1a81d411e3,A0003,Programmable Logic Controller (PLC),x-mitre-asset--986c455b-0f43-42b6-8360-33ac48bd9990
T0845,Program Upload,attack-pattern--3067b85e-271e-4bc5-81ad-ab1a81d411e3,A0010,Safety Controller,x-mitre-asset--69d1b1ef-e918-4cfd-9a98-29debd04cb32
T0873,Project File Infection,attack-pattern--e72425f8-9ae6-41d3-bfdb-e1b865e60722,A0001,Workstation,x-mitre-asset--f1315d02-9118-4e3b-8cdf-4c2d3f77ce41
T0886,Remote Services,attack-pattern--e1f9cdd2-9511-4fca-90d7-f3e92cfdd0bf,A0008,Application Server,x-mitre-asset--973bc51e-c41e-4cec-ac03-9389c71f3d0d
T0886,Remote Services,attack-pattern--e1f9cdd2-9511-4fca-90d7-f3e92cfdd0bf,A0007,Control Server,x-mitre-asset--ecb81a8b-022e-4529-a404-55cffca7d3a3
T0886,Remote Services,attack-pattern--e1f9cdd2-9511-4fca-90d7-f3e92cfdd0bf,A0009,Data Gateway,x-mitre-asset--68388d4f-8138-420b-be2b-5a7dfe9ff6b4
T0886,Remote Services,attack-pattern--e1f9cdd2-9511-4fca-90d7-f3e92cfdd0bf,A0006,Data Historian,x-mitre-asset--e2c3336a-dd93-44d6-8246-f93cf132c499
T0886,Remote Services,attack-pattern--e1f9cdd2-9511-4fca-90d7-f3e92cfdd0bf,A0002,Human-Machine Interface (HMI),x-mitre-asset--3a95f7e4-4877-4967-b2e8-e287976c3e64
T0886,Remote Services,attack-pattern--e1f9cdd2-9511-4fca-90d7-f3e92cfdd0bf,A0012,Jump Host,x-mitre-asset--14932ed5-1098-4cc1-9f57-159ab7366787
T0886,Remote Services,attack-pattern--e1f9cdd2-9511-4fca-90d7-f3e92cfdd0bf,A0011,Virtual Private Network (VPN) Server,x-mitre-asset--0804f037-a3b9-4715-98e1-9f73d19d6945
T0846,Remote System Discovery,attack-pattern--d5a69cfb-fc2a-46cb-99eb-74b236db5061,A0008,Application Server,x-mitre-asset--973bc51e-c41e-4cec-ac03-9389c71f3d0d
T0846,Remote System Discovery,attack-pattern--d5a69cfb-fc2a-46cb-99eb-74b236db5061,A0007,Control Server,x-mitre-asset--ecb81a8b-022e-4529-a404-55cffca7d3a3
T0846,Remote System Discovery,attack-pattern--d5a69cfb-fc2a-46cb-99eb-74b236db5061,A0009,Data Gateway,x-mitre-asset--68388d4f-8138-420b-be2b-5a7dfe9ff6b4
T0846,Remote System Discovery,attack-pattern--d5a69cfb-fc2a-46cb-99eb-74b236db5061,A0006,Data Historian,x-mitre-asset--e2c3336a-dd93-44d6-8246-f93cf132c499
T0846,Remote System Discovery,attack-pattern--d5a69cfb-fc2a-46cb-99eb-74b236db5061,A0002,Human-Machine Interface (HMI),x-mitre-asset--3a95f7e4-4877-4967-b2e8-e287976c3e64
T0846,Remote System Discovery,attack-pattern--d5a69cfb-fc2a-46cb-99eb-74b236db5061,A0005,Intelligent Electronic Device (IED),x-mitre-asset--75f810ad-b678-4c57-b93b-fdc79bba0c04
T0846,Remote System Discovery,attack-pattern--d5a69cfb-fc2a-46cb-99eb-74b236db5061,A0012,Jump Host,x-mitre-asset--14932ed5-1098-4cc1-9f57-159ab7366787
T0846,Remote System Discovery,attack-pattern--d5a69cfb-fc2a-46cb-99eb-74b236db5061,A0003,Programmable Logic Controller (PLC),x-mitre-asset--986c455b-0f43-42b6-8360-33ac48bd9990
T0846,Remote System Discovery,attack-pattern--d5a69cfb-fc2a-46cb-99eb-74b236db5061,A0004,Remote Terminal Unit (RTU),x-mitre-asset--1769c499-55e5-462f-bab2-c39b8cd5ae32
T0846,Remote System Discovery,attack-pattern--d5a69cfb-fc2a-46cb-99eb-74b236db5061,A0010,Safety Controller,x-mitre-asset--69d1b1ef-e918-4cfd-9a98-29debd04cb32
T0846,Remote System Discovery,attack-pattern--d5a69cfb-fc2a-46cb-99eb-74b236db5061,A0011,Virtual Private Network (VPN) Server,x-mitre-asset--0804f037-a3b9-4715-98e1-9f73d19d6945
T0846,Remote System Discovery,attack-pattern--d5a69cfb-fc2a-46cb-99eb-74b236db5061,A0001,Workstation,x-mitre-asset--f1315d02-9118-4e3b-8cdf-4c2d3f77ce41
T0888,Remote System Information Discovery,attack-pattern--2fedbe69-581f-447d-8a78-32ee7db939a9,A0008,Application Server,x-mitre-asset--973bc51e-c41e-4cec-ac03-9389c71f3d0d
T0888,Remote System Information Discovery,attack-pattern--2fedbe69-581f-447d-8a78-32ee7db939a9,A0007,Control Server,x-mitre-asset--ecb81a8b-022e-4529-a404-55cffca7d3a3
T0888,Remote System Information Discovery,attack-pattern--2fedbe69-581f-447d-8a78-32ee7db939a9,A0009,Data Gateway,x-mitre-asset--68388d4f-8138-420b-be2b-5a7dfe9ff6b4
T0888,Remote System Information Discovery,attack-pattern--2fedbe69-581f-447d-8a78-32ee7db939a9,A0006,Data Historian,x-mitre-asset--e2c3336a-dd93-44d6-8246-f93cf132c499
T0888,Remote System Information Discovery,attack-pattern--2fedbe69-581f-447d-8a78-32ee7db939a9,A0013,Field I/O,x-mitre-asset--2b676abd-8263-49ea-81a4-78a7e1f776fe
T0888,Remote System Information Discovery,attack-pattern--2fedbe69-581f-447d-8a78-32ee7db939a9,A0002,Human-Machine Interface (HMI),x-mitre-asset--3a95f7e4-4877-4967-b2e8-e287976c3e64
T0888,Remote System Information Discovery,attack-pattern--2fedbe69-581f-447d-8a78-32ee7db939a9,A0005,Intelligent Electronic Device (IED),x-mitre-asset--75f810ad-b678-4c57-b93b-fdc79bba0c04
T0888,Remote System Information Discovery,attack-pattern--2fedbe69-581f-447d-8a78-32ee7db939a9,A0012,Jump Host,x-mitre-asset--14932ed5-1098-4cc1-9f57-159ab7366787
T0888,Remote System Information Discovery,attack-pattern--2fedbe69-581f-447d-8a78-32ee7db939a9,A0003,Programmable Logic Controller (PLC),x-mitre-asset--986c455b-0f43-42b6-8360-33ac48bd9990
T0888,Remote System Information Discovery,attack-pattern--2fedbe69-581f-447d-8a78-32ee7db939a9,A0004,Remote Terminal Unit (RTU),x-mitre-asset--1769c499-55e5-462f-bab2-c39b8cd5ae32
T0888,Remote System Information Discovery,attack-pattern--2fedbe69-581f-447d-8a78-32ee7db939a9,A0010,Safety Controller,x-mitre-asset--69d1b1ef-e918-4cfd-9a98-29debd04cb32
T0888,Remote System Information Discovery,attack-pattern--2fedbe69-581f-447d-8a78-32ee7db939a9,A0011,Virtual Private Network (VPN) Server,x-mitre-asset--0804f037-a3b9-4715-98e1-9f73d19d6945
T0888,Remote System Information Discovery,attack-pattern--2fedbe69-581f-447d-8a78-32ee7db939a9,A0001,Workstation,x-mitre-asset--f1315d02-9118-4e3b-8cdf-4c2d3f77ce41
T0847,Replication Through Removable Media,attack-pattern--c267bbee-bb59-47fe-85e0-3ed210337c21,A0008,Application Server,x-mitre-asset--973bc51e-c41e-4cec-ac03-9389c71f3d0d
T0847,Replication Through Removable Media,attack-pattern--c267bbee-bb59-47fe-85e0-3ed210337c21,A0007,Control Server,x-mitre-asset--ecb81a8b-022e-4529-a404-55cffca7d3a3
T0847,Replication Through Removable Media,attack-pattern--c267bbee-bb59-47fe-85e0-3ed210337c21,A0009,Data Gateway,x-mitre-asset--68388d4f-8138-420b-be2b-5a7dfe9ff6b4
T0847,Replication Through Removable Media,attack-pattern--c267bbee-bb59-47fe-85e0-3ed210337c21,A0006,Data Historian,x-mitre-asset--e2c3336a-dd93-44d6-8246-f93cf132c499
T0847,Replication Through Removable Media,attack-pattern--c267bbee-bb59-47fe-85e0-3ed210337c21,A0013,Field I/O,x-mitre-asset--2b676abd-8263-49ea-81a4-78a7e1f776fe
T0847,Replication Through Removable Media,attack-pattern--c267bbee-bb59-47fe-85e0-3ed210337c21,A0002,Human-Machine Interface (HMI),x-mitre-asset--3a95f7e4-4877-4967-b2e8-e287976c3e64
T0847,Replication Through Removable Media,attack-pattern--c267bbee-bb59-47fe-85e0-3ed210337c21,A0005,Intelligent Electronic Device (IED),x-mitre-asset--75f810ad-b678-4c57-b93b-fdc79bba0c04
T0847,Replication Through Removable Media,attack-pattern--c267bbee-bb59-47fe-85e0-3ed210337c21,A0012,Jump Host,x-mitre-asset--14932ed5-1098-4cc1-9f57-159ab7366787
T0847,Replication Through Removable Media,attack-pattern--c267bbee-bb59-47fe-85e0-3ed210337c21,A0003,Programmable Logic Controller (PLC),x-mitre-asset--986c455b-0f43-42b6-8360-33ac48bd9990
T0847,Replication Through Removable Media,attack-pattern--c267bbee-bb59-47fe-85e0-3ed210337c21,A0004,Remote Terminal Unit (RTU),x-mitre-asset--1769c499-55e5-462f-bab2-c39b8cd5ae32
T0847,Replication Through Removable Media,attack-pattern--c267bbee-bb59-47fe-85e0-3ed210337c21,A0010,Safety Controller,x-mitre-asset--69d1b1ef-e918-4cfd-9a98-29debd04cb32
T0847,Replication Through Removable Media,attack-pattern--c267bbee-bb59-47fe-85e0-3ed210337c21,A0011,Virtual Private Network (VPN) Server,x-mitre-asset--0804f037-a3b9-4715-98e1-9f73d19d6945
T0847,Replication Through Removable Media,attack-pattern--c267bbee-bb59-47fe-85e0-3ed210337c21,A0001,Workstation,x-mitre-asset--f1315d02-9118-4e3b-8cdf-4c2d3f77ce41
T0848,Rogue Master,attack-pattern--b14395bd-5419-4ef4-9bd8-696936f509bb,A0007,Control Server,x-mitre-asset--ecb81a8b-022e-4529-a404-55cffca7d3a3
T0848,Rogue Master,attack-pattern--b14395bd-5419-4ef4-9bd8-696936f509bb,A0009,Data Gateway,x-mitre-asset--68388d4f-8138-420b-be2b-5a7dfe9ff6b4
T0848,Rogue Master,attack-pattern--b14395bd-5419-4ef4-9bd8-696936f509bb,A0006,Data Historian,x-mitre-asset--e2c3336a-dd93-44d6-8246-f93cf132c499
T0848,Rogue Master,attack-pattern--b14395bd-5419-4ef4-9bd8-696936f509bb,A0002,Human-Machine Interface (HMI),x-mitre-asset--3a95f7e4-4877-4967-b2e8-e287976c3e64
T0848,Rogue Master,attack-pattern--b14395bd-5419-4ef4-9bd8-696936f509bb,A0005,Intelligent Electronic Device (IED),x-mitre-asset--75f810ad-b678-4c57-b93b-fdc79bba0c04
T0848,Rogue Master,attack-pattern--b14395bd-5419-4ef4-9bd8-696936f509bb,A0003,Programmable Logic Controller (PLC),x-mitre-asset--986c455b-0f43-42b6-8360-33ac48bd9990
T0848,Rogue Master,attack-pattern--b14395bd-5419-4ef4-9bd8-696936f509bb,A0004,Remote Terminal Unit (RTU),x-mitre-asset--1769c499-55e5-462f-bab2-c39b8cd5ae32
T0848,Rogue Master,attack-pattern--b14395bd-5419-4ef4-9bd8-696936f509bb,A0010,Safety Controller,x-mitre-asset--69d1b1ef-e918-4cfd-9a98-29debd04cb32
T0851,Rootkit,attack-pattern--3b6b9246-43f8-4c69-ad7a-2b11cfe0a0d9,A0008,Application Server,x-mitre-asset--973bc51e-c41e-4cec-ac03-9389c71f3d0d
T0851,Rootkit,attack-pattern--3b6b9246-43f8-4c69-ad7a-2b11cfe0a0d9,A0007,Control Server,x-mitre-asset--ecb81a8b-022e-4529-a404-55cffca7d3a3
T0851,Rootkit,attack-pattern--3b6b9246-43f8-4c69-ad7a-2b11cfe0a0d9,A0009,Data Gateway,x-mitre-asset--68388d4f-8138-420b-be2b-5a7dfe9ff6b4
T0851,Rootkit,attack-pattern--3b6b9246-43f8-4c69-ad7a-2b11cfe0a0d9,A0006,Data Historian,x-mitre-asset--e2c3336a-dd93-44d6-8246-f93cf132c499
T0851,Rootkit,attack-pattern--3b6b9246-43f8-4c69-ad7a-2b11cfe0a0d9,A0013,Field I/O,x-mitre-asset--2b676abd-8263-49ea-81a4-78a7e1f776fe
T0851,Rootkit,attack-pattern--3b6b9246-43f8-4c69-ad7a-2b11cfe0a0d9,A0002,Human-Machine Interface (HMI),x-mitre-asset--3a95f7e4-4877-4967-b2e8-e287976c3e64
T0851,Rootkit,attack-pattern--3b6b9246-43f8-4c69-ad7a-2b11cfe0a0d9,A0005,Intelligent Electronic Device (IED),x-mitre-asset--75f810ad-b678-4c57-b93b-fdc79bba0c04
T0851,Rootkit,attack-pattern--3b6b9246-43f8-4c69-ad7a-2b11cfe0a0d9,A0012,Jump Host,x-mitre-asset--14932ed5-1098-4cc1-9f57-159ab7366787
T0851,Rootkit,attack-pattern--3b6b9246-43f8-4c69-ad7a-2b11cfe0a0d9,A0003,Programmable Logic Controller (PLC),x-mitre-asset--986c455b-0f43-42b6-8360-33ac48bd9990
T0851,Rootkit,attack-pattern--3b6b9246-43f8-4c69-ad7a-2b11cfe0a0d9,A0010,Safety Controller,x-mitre-asset--69d1b1ef-e918-4cfd-9a98-29debd04cb32
T0851,Rootkit,attack-pattern--3b6b9246-43f8-4c69-ad7a-2b11cfe0a0d9,A0011,Virtual Private Network (VPN) Server,x-mitre-asset--0804f037-a3b9-4715-98e1-9f73d19d6945
T0851,Rootkit,attack-pattern--3b6b9246-43f8-4c69-ad7a-2b11cfe0a0d9,A0001,Workstation,x-mitre-asset--f1315d02-9118-4e3b-8cdf-4c2d3f77ce41
T0852,Screen Capture,attack-pattern--c5e3cdbc-0387-4be9-8f83-ff5c0865f377,A0002,Human-Machine Interface (HMI),x-mitre-asset--3a95f7e4-4877-4967-b2e8-e287976c3e64
T0852,Screen Capture,attack-pattern--c5e3cdbc-0387-4be9-8f83-ff5c0865f377,A0012,Jump Host,x-mitre-asset--14932ed5-1098-4cc1-9f57-159ab7366787
T0852,Screen Capture,attack-pattern--c5e3cdbc-0387-4be9-8f83-ff5c0865f377,A0001,Workstation,x-mitre-asset--f1315d02-9118-4e3b-8cdf-4c2d3f77ce41
T0853,Scripting,attack-pattern--2dc2b567-8821-49f9-9045-8740f3d0b958,A0008,Application Server,x-mitre-asset--973bc51e-c41e-4cec-ac03-9389c71f3d0d
T0853,Scripting,attack-pattern--2dc2b567-8821-49f9-9045-8740f3d0b958,A0007,Control Server,x-mitre-asset--ecb81a8b-022e-4529-a404-55cffca7d3a3
T0853,Scripting,attack-pattern--2dc2b567-8821-49f9-9045-8740f3d0b958,A0009,Data Gateway,x-mitre-asset--68388d4f-8138-420b-be2b-5a7dfe9ff6b4
T0853,Scripting,attack-pattern--2dc2b567-8821-49f9-9045-8740f3d0b958,A0006,Data Historian,x-mitre-asset--e2c3336a-dd93-44d6-8246-f93cf132c499
T0853,Scripting,attack-pattern--2dc2b567-8821-49f9-9045-8740f3d0b958,A0002,Human-Machine Interface (HMI),x-mitre-asset--3a95f7e4-4877-4967-b2e8-e287976c3e64
T0853,Scripting,attack-pattern--2dc2b567-8821-49f9-9045-8740f3d0b958,A0012,Jump Host,x-mitre-asset--14932ed5-1098-4cc1-9f57-159ab7366787
T0853,Scripting,attack-pattern--2dc2b567-8821-49f9-9045-8740f3d0b958,A0001,Workstation,x-mitre-asset--f1315d02-9118-4e3b-8cdf-4c2d3f77ce41
T0881,Service Stop,attack-pattern--063b5b92-5361-481a-9c3f-95492ed9a2d8,A0008,Application Server,x-mitre-asset--973bc51e-c41e-4cec-ac03-9389c71f3d0d
T0881,Service Stop,attack-pattern--063b5b92-5361-481a-9c3f-95492ed9a2d8,A0007,Control Server,x-mitre-asset--ecb81a8b-022e-4529-a404-55cffca7d3a3
T0881,Service Stop,attack-pattern--063b5b92-5361-481a-9c3f-95492ed9a2d8,A0009,Data Gateway,x-mitre-asset--68388d4f-8138-420b-be2b-5a7dfe9ff6b4
T0881,Service Stop,attack-pattern--063b5b92-5361-481a-9c3f-95492ed9a2d8,A0006,Data Historian,x-mitre-asset--e2c3336a-dd93-44d6-8246-f93cf132c499
T0881,Service Stop,attack-pattern--063b5b92-5361-481a-9c3f-95492ed9a2d8,A0002,Human-Machine Interface (HMI),x-mitre-asset--3a95f7e4-4877-4967-b2e8-e287976c3e64
T0881,Service Stop,attack-pattern--063b5b92-5361-481a-9c3f-95492ed9a2d8,A0005,Intelligent Electronic Device (IED),x-mitre-asset--75f810ad-b678-4c57-b93b-fdc79bba0c04
T0881,Service Stop,attack-pattern--063b5b92-5361-481a-9c3f-95492ed9a2d8,A0012,Jump Host,x-mitre-asset--14932ed5-1098-4cc1-9f57-159ab7366787
T0881,Service Stop,attack-pattern--063b5b92-5361-481a-9c3f-95492ed9a2d8,A0004,Remote Terminal Unit (RTU),x-mitre-asset--1769c499-55e5-462f-bab2-c39b8cd5ae32
T0881,Service Stop,attack-pattern--063b5b92-5361-481a-9c3f-95492ed9a2d8,A0010,Safety Controller,x-mitre-asset--69d1b1ef-e918-4cfd-9a98-29debd04cb32
T0881,Service Stop,attack-pattern--063b5b92-5361-481a-9c3f-95492ed9a2d8,A0011,Virtual Private Network (VPN) Server,x-mitre-asset--0804f037-a3b9-4715-98e1-9f73d19d6945
T0881,Service Stop,attack-pattern--063b5b92-5361-481a-9c3f-95492ed9a2d8,A0001,Workstation,x-mitre-asset--f1315d02-9118-4e3b-8cdf-4c2d3f77ce41
T0865,Spearphishing Attachment,attack-pattern--648f995e-9c3a-41e4-aeee-98bb41037426,A0012,Jump Host,x-mitre-asset--14932ed5-1098-4cc1-9f57-159ab7366787
T0865,Spearphishing Attachment,attack-pattern--648f995e-9c3a-41e4-aeee-98bb41037426,A0001,Workstation,x-mitre-asset--f1315d02-9118-4e3b-8cdf-4c2d3f77ce41
T0856,Spoof Reporting Message,attack-pattern--8535b71e-3c12-4258-a4ab-40257a1becc4,A0007,Control Server,x-mitre-asset--ecb81a8b-022e-4529-a404-55cffca7d3a3
T0856,Spoof Reporting Message,attack-pattern--8535b71e-3c12-4258-a4ab-40257a1becc4,A0009,Data Gateway,x-mitre-asset--68388d4f-8138-420b-be2b-5a7dfe9ff6b4
T0856,Spoof Reporting Message,attack-pattern--8535b71e-3c12-4258-a4ab-40257a1becc4,A0002,Human-Machine Interface (HMI),x-mitre-asset--3a95f7e4-4877-4967-b2e8-e287976c3e64
T0856,Spoof Reporting Message,attack-pattern--8535b71e-3c12-4258-a4ab-40257a1becc4,A0005,Intelligent Electronic Device (IED),x-mitre-asset--75f810ad-b678-4c57-b93b-fdc79bba0c04
T0856,Spoof Reporting Message,attack-pattern--8535b71e-3c12-4258-a4ab-40257a1becc4,A0003,Programmable Logic Controller (PLC),x-mitre-asset--986c455b-0f43-42b6-8360-33ac48bd9990
T0856,Spoof Reporting Message,attack-pattern--8535b71e-3c12-4258-a4ab-40257a1becc4,A0004,Remote Terminal Unit (RTU),x-mitre-asset--1769c499-55e5-462f-bab2-c39b8cd5ae32
T0856,Spoof Reporting Message,attack-pattern--8535b71e-3c12-4258-a4ab-40257a1becc4,A0010,Safety Controller,x-mitre-asset--69d1b1ef-e918-4cfd-9a98-29debd04cb32
T0869,Standard Application Layer Protocol,attack-pattern--e076cca8-2f08-45c9-aff7-ea5ac798b387,A0008,Application Server,x-mitre-asset--973bc51e-c41e-4cec-ac03-9389c71f3d0d
T0869,Standard Application Layer Protocol,attack-pattern--e076cca8-2f08-45c9-aff7-ea5ac798b387,A0007,Control Server,x-mitre-asset--ecb81a8b-022e-4529-a404-55cffca7d3a3
T0869,Standard Application Layer Protocol,attack-pattern--e076cca8-2f08-45c9-aff7-ea5ac798b387,A0009,Data Gateway,x-mitre-asset--68388d4f-8138-420b-be2b-5a7dfe9ff6b4
T0869,Standard Application Layer Protocol,attack-pattern--e076cca8-2f08-45c9-aff7-ea5ac798b387,A0006,Data Historian,x-mitre-asset--e2c3336a-dd93-44d6-8246-f93cf132c499
T0869,Standard Application Layer Protocol,attack-pattern--e076cca8-2f08-45c9-aff7-ea5ac798b387,A0002,Human-Machine Interface (HMI),x-mitre-asset--3a95f7e4-4877-4967-b2e8-e287976c3e64
T0869,Standard Application Layer Protocol,attack-pattern--e076cca8-2f08-45c9-aff7-ea5ac798b387,A0005,Intelligent Electronic Device (IED),x-mitre-asset--75f810ad-b678-4c57-b93b-fdc79bba0c04
T0869,Standard Application Layer Protocol,attack-pattern--e076cca8-2f08-45c9-aff7-ea5ac798b387,A0012,Jump Host,x-mitre-asset--14932ed5-1098-4cc1-9f57-159ab7366787
T0869,Standard Application Layer Protocol,attack-pattern--e076cca8-2f08-45c9-aff7-ea5ac798b387,A0003,Programmable Logic Controller (PLC),x-mitre-asset--986c455b-0f43-42b6-8360-33ac48bd9990
T0869,Standard Application Layer Protocol,attack-pattern--e076cca8-2f08-45c9-aff7-ea5ac798b387,A0004,Remote Terminal Unit (RTU),x-mitre-asset--1769c499-55e5-462f-bab2-c39b8cd5ae32
T0869,Standard Application Layer Protocol,attack-pattern--e076cca8-2f08-45c9-aff7-ea5ac798b387,A0010,Safety Controller,x-mitre-asset--69d1b1ef-e918-4cfd-9a98-29debd04cb32
T0869,Standard Application Layer Protocol,attack-pattern--e076cca8-2f08-45c9-aff7-ea5ac798b387,A0011,Virtual Private Network (VPN) Server,x-mitre-asset--0804f037-a3b9-4715-98e1-9f73d19d6945
T0869,Standard Application Layer Protocol,attack-pattern--e076cca8-2f08-45c9-aff7-ea5ac798b387,A0001,Workstation,x-mitre-asset--f1315d02-9118-4e3b-8cdf-4c2d3f77ce41
T0862,Supply Chain Compromise,attack-pattern--5e0f75da-e108-4688-a6de-a4f07cc2cbe3,A0008,Application Server,x-mitre-asset--973bc51e-c41e-4cec-ac03-9389c71f3d0d
T0862,Supply Chain Compromise,attack-pattern--5e0f75da-e108-4688-a6de-a4f07cc2cbe3,A0007,Control Server,x-mitre-asset--ecb81a8b-022e-4529-a404-55cffca7d3a3
T0862,Supply Chain Compromise,attack-pattern--5e0f75da-e108-4688-a6de-a4f07cc2cbe3,A0009,Data Gateway,x-mitre-asset--68388d4f-8138-420b-be2b-5a7dfe9ff6b4
T0862,Supply Chain Compromise,attack-pattern--5e0f75da-e108-4688-a6de-a4f07cc2cbe3,A0006,Data Historian,x-mitre-asset--e2c3336a-dd93-44d6-8246-f93cf132c499
T0862,Supply Chain Compromise,attack-pattern--5e0f75da-e108-4688-a6de-a4f07cc2cbe3,A0013,Field I/O,x-mitre-asset--2b676abd-8263-49ea-81a4-78a7e1f776fe
T0862,Supply Chain Compromise,attack-pattern--5e0f75da-e108-4688-a6de-a4f07cc2cbe3,A0002,Human-Machine Interface (HMI),x-mitre-asset--3a95f7e4-4877-4967-b2e8-e287976c3e64
T0862,Supply Chain Compromise,attack-pattern--5e0f75da-e108-4688-a6de-a4f07cc2cbe3,A0005,Intelligent Electronic Device (IED),x-mitre-asset--75f810ad-b678-4c57-b93b-fdc79bba0c04
T0862,Supply Chain Compromise,attack-pattern--5e0f75da-e108-4688-a6de-a4f07cc2cbe3,A0012,Jump Host,x-mitre-asset--14932ed5-1098-4cc1-9f57-159ab7366787
T0862,Supply Chain Compromise,attack-pattern--5e0f75da-e108-4688-a6de-a4f07cc2cbe3,A0003,Programmable Logic Controller (PLC),x-mitre-asset--986c455b-0f43-42b6-8360-33ac48bd9990
T0862,Supply Chain Compromise,attack-pattern--5e0f75da-e108-4688-a6de-a4f07cc2cbe3,A0004,Remote Terminal Unit (RTU),x-mitre-asset--1769c499-55e5-462f-bab2-c39b8cd5ae32
T0862,Supply Chain Compromise,attack-pattern--5e0f75da-e108-4688-a6de-a4f07cc2cbe3,A0010,Safety Controller,x-mitre-asset--69d1b1ef-e918-4cfd-9a98-29debd04cb32
T0862,Supply Chain Compromise,attack-pattern--5e0f75da-e108-4688-a6de-a4f07cc2cbe3,A0011,Virtual Private Network (VPN) Server,x-mitre-asset--0804f037-a3b9-4715-98e1-9f73d19d6945
T0862,Supply Chain Compromise,attack-pattern--5e0f75da-e108-4688-a6de-a4f07cc2cbe3,A0001,Workstation,x-mitre-asset--f1315d02-9118-4e3b-8cdf-4c2d3f77ce41
T0894,System Binary Proxy Execution,attack-pattern--1c5cf58c-a34a-40d7-82f4-f987cdfc2b91,A0008,Application Server,x-mitre-asset--973bc51e-c41e-4cec-ac03-9389c71f3d0d
T0894,System Binary Proxy Execution,attack-pattern--1c5cf58c-a34a-40d7-82f4-f987cdfc2b91,A0007,Control Server,x-mitre-asset--ecb81a8b-022e-4529-a404-55cffca7d3a3
T0894,System Binary Proxy Execution,attack-pattern--1c5cf58c-a34a-40d7-82f4-f987cdfc2b91,A0006,Data Historian,x-mitre-asset--e2c3336a-dd93-44d6-8246-f93cf132c499
T0894,System Binary Proxy Execution,attack-pattern--1c5cf58c-a34a-40d7-82f4-f987cdfc2b91,A0002,Human-Machine Interface (HMI),x-mitre-asset--3a95f7e4-4877-4967-b2e8-e287976c3e64
T0894,System Binary Proxy Execution,attack-pattern--1c5cf58c-a34a-40d7-82f4-f987cdfc2b91,A0012,Jump Host,x-mitre-asset--14932ed5-1098-4cc1-9f57-159ab7366787
T0894,System Binary Proxy Execution,attack-pattern--1c5cf58c-a34a-40d7-82f4-f987cdfc2b91,A0001,Workstation,x-mitre-asset--f1315d02-9118-4e3b-8cdf-4c2d3f77ce41
T0857,System Firmware,attack-pattern--b9160e77-ea9e-4ba9-b1c8-53a3c466b13d,A0009,Data Gateway,x-mitre-asset--68388d4f-8138-420b-be2b-5a7dfe9ff6b4
T0857,System Firmware,attack-pattern--b9160e77-ea9e-4ba9-b1c8-53a3c466b13d,A0002,Human-Machine Interface (HMI),x-mitre-asset--3a95f7e4-4877-4967-b2e8-e287976c3e64
T0857,System Firmware,attack-pattern--b9160e77-ea9e-4ba9-b1c8-53a3c466b13d,A0005,Intelligent Electronic Device (IED),x-mitre-asset--75f810ad-b678-4c57-b93b-fdc79bba0c04
T0857,System Firmware,attack-pattern--b9160e77-ea9e-4ba9-b1c8-53a3c466b13d,A0003,Programmable Logic Controller (PLC),x-mitre-asset--986c455b-0f43-42b6-8360-33ac48bd9990
T0857,System Firmware,attack-pattern--b9160e77-ea9e-4ba9-b1c8-53a3c466b13d,A0004,Remote Terminal Unit (RTU),x-mitre-asset--1769c499-55e5-462f-bab2-c39b8cd5ae32
T0857,System Firmware,attack-pattern--b9160e77-ea9e-4ba9-b1c8-53a3c466b13d,A0010,Safety Controller,x-mitre-asset--69d1b1ef-e918-4cfd-9a98-29debd04cb32
T0857,System Firmware,attack-pattern--b9160e77-ea9e-4ba9-b1c8-53a3c466b13d,A0011,Virtual Private Network (VPN) Server,x-mitre-asset--0804f037-a3b9-4715-98e1-9f73d19d6945
T0864,Transient Cyber Asset,attack-pattern--35392fb4-a31d-4c6a-b9f2-1c65b7f5e6b9,A0001,Workstation,x-mitre-asset--f1315d02-9118-4e3b-8cdf-4c2d3f77ce41
T0855,Unauthorized Command Message,attack-pattern--40b300ba-f553-48bf-862e-9471b220d455,A0007,Control Server,x-mitre-asset--ecb81a8b-022e-4529-a404-55cffca7d3a3
T0855,Unauthorized Command Message,attack-pattern--40b300ba-f553-48bf-862e-9471b220d455,A0002,Human-Machine Interface (HMI),x-mitre-asset--3a95f7e4-4877-4967-b2e8-e287976c3e64
T0855,Unauthorized Command Message,attack-pattern--40b300ba-f553-48bf-862e-9471b220d455,A0005,Intelligent Electronic Device (IED),x-mitre-asset--75f810ad-b678-4c57-b93b-fdc79bba0c04
T0855,Unauthorized Command Message,attack-pattern--40b300ba-f553-48bf-862e-9471b220d455,A0003,Programmable Logic Controller (PLC),x-mitre-asset--986c455b-0f43-42b6-8360-33ac48bd9990
T0855,Unauthorized Command Message,attack-pattern--40b300ba-f553-48bf-862e-9471b220d455,A0004,Remote Terminal Unit (RTU),x-mitre-asset--1769c499-55e5-462f-bab2-c39b8cd5ae32
T0855,Unauthorized Command Message,attack-pattern--40b300ba-f553-48bf-862e-9471b220d455,A0010,Safety Controller,x-mitre-asset--69d1b1ef-e918-4cfd-9a98-29debd04cb32
T0863,User Execution,attack-pattern--2736b752-4ec5-4421-a230-8977dea7649c,A0002,Human-Machine Interface (HMI),x-mitre-asset--3a95f7e4-4877-4967-b2e8-e287976c3e64
T0863,User Execution,attack-pattern--2736b752-4ec5-4421-a230-8977dea7649c,A0012,Jump Host,x-mitre-asset--14932ed5-1098-4cc1-9f57-159ab7366787
T0863,User Execution,attack-pattern--2736b752-4ec5-4421-a230-8977dea7649c,A0001,Workstation,x-mitre-asset--f1315d02-9118-4e3b-8cdf-4c2d3f77ce41
T0859,Valid Accounts,attack-pattern--cd2c76a4-5e23-4ca5-9c40-d5e0604f7101,A0008,Application Server,x-mitre-asset--973bc51e-c41e-4cec-ac03-9389c71f3d0d
T0859,Valid Accounts,attack-pattern--cd2c76a4-5e23-4ca5-9c40-d5e0604f7101,A0007,Control Server,x-mitre-asset--ecb81a8b-022e-4529-a404-55cffca7d3a3
T0859,Valid Accounts,attack-pattern--cd2c76a4-5e23-4ca5-9c40-d5e0604f7101,A0009,Data Gateway,x-mitre-asset--68388d4f-8138-420b-be2b-5a7dfe9ff6b4
T0859,Valid Accounts,attack-pattern--cd2c76a4-5e23-4ca5-9c40-d5e0604f7101,A0006,Data Historian,x-mitre-asset--e2c3336a-dd93-44d6-8246-f93cf132c499
T0859,Valid Accounts,attack-pattern--cd2c76a4-5e23-4ca5-9c40-d5e0604f7101,A0013,Field I/O,x-mitre-asset--2b676abd-8263-49ea-81a4-78a7e1f776fe
T0859,Valid Accounts,attack-pattern--cd2c76a4-5e23-4ca5-9c40-d5e0604f7101,A0002,Human-Machine Interface (HMI),x-mitre-asset--3a95f7e4-4877-4967-b2e8-e287976c3e64
T0859,Valid Accounts,attack-pattern--cd2c76a4-5e23-4ca5-9c40-d5e0604f7101,A0005,Intelligent Electronic Device (IED),x-mitre-asset--75f810ad-b678-4c57-b93b-fdc79bba0c04
T0859,Valid Accounts,attack-pattern--cd2c76a4-5e23-4ca5-9c40-d5e0604f7101,A0012,Jump Host,x-mitre-asset--14932ed5-1098-4cc1-9f57-159ab7366787
T0859,Valid Accounts,attack-pattern--cd2c76a4-5e23-4ca5-9c40-d5e0604f7101,A0003,Programmable Logic Controller (PLC),x-mitre-asset--986c455b-0f43-42b6-8360-33ac48bd9990
T0859,Valid Accounts,attack-pattern--cd2c76a4-5e23-4ca5-9c40-d5e0604f7101,A0004,Remote Terminal Unit (RTU),x-mitre-asset--1769c499-55e5-462f-bab2-c39b8cd5ae32
T0859,Valid Accounts,attack-pattern--cd2c76a4-5e23-4ca5-9c40-d5e0604f7101,A0010,Safety Controller,x-mitre-asset--69d1b1ef-e918-4cfd-9a98-29debd04cb32
T0859,Valid Accounts,attack-pattern--cd2c76a4-5e23-4ca5-9c40-d5e0604f7101,A0011,Virtual Private Network (VPN) Server,x-mitre-asset--0804f037-a3b9-4715-98e1-9f73d19d6945
T0859,Valid Accounts,attack-pattern--cd2c76a4-5e23-4ca5-9c40-d5e0604f7101,A0001,Workstation,x-mitre-asset--f1315d02-9118-4e3b-8cdf-4c2d3f77ce41
T0860,Wireless Compromise,attack-pattern--2877063e-1851-48d2-bcc6-bc1d2733157e,A0013,Field I/O,x-mitre-asset--2b676abd-8263-49ea-81a4-78a7e1f776fe
T0860,Wireless Compromise,attack-pattern--2877063e-1851-48d2-bcc6-bc1d2733157e,A0001,Workstation,x-mitre-asset--f1315d02-9118-4e3b-8cdf-4c2d3f77ce41
T0887,Wireless Sniffing,attack-pattern--0fe075d5-beac-4d02-b93e-0f874997db72,A0013,Field I/O,x-mitre-asset--2b676abd-8263-49ea-81a4-78a7e1f776fe
T0887,Wireless Sniffing,attack-pattern--0fe075d5-beac-4d02-b93e-0f874997db72,A0001,Workstation,x-mitre-asset--f1315d02-9118-4e3b-8cdf-4c2d3f77ce41
